Codigo_Producto,Grupo,Segmento,Margen_Venta,Rotacion_Stock,GMROI,Demanda_Trimestral,Stock_Actual,Reposicion_Sugerida_UNI,Peso_Total_Gramos
799,ACESSORIOS,A,59.54,6.0,7.144792655086849,0.6,0,1,20.0
807,ACESSORIOS,A,62.88,4.0,6.152571926765474,0.6,0,1,20.0
783,ACESSORIOS,A,60.58,4.0,5.833438485804417,0.6,0,1,20.0
818,ACESSORIOS,A,60.18,4.0,5.579032913449818,0.6,0,1,20.0
823,ACESSORIOS,A,60.18,4.0,5.293783015034539,0.6,0,1,20.0
820,ACESSORIOS,A,59.53,4.0,5.292970337261275,0.6,0,1,20.0
634,ACESSORIOS,A,58.68,4.0,5.251956181533647,0.6,0,1,20.0
824,ACESSORIOS,A,58.52,4.0,5.101010101010101,0.6,0,1,20.0
790,ACESSORIOS,A,55.99,4.0,4.925505050505051,0.6,0,1,20.0
632,ACESSORIOS,A,58.68,4.0,4.903495044340114,0.6,0,1,20.0
638,ACESSORIOS,A,55.99,4.0,4.765151515151516,0.6,0,1,20.0
606,ACESSORIOS,A,56.38,4.0,4.7537777777777785,0.6,0,1,20.0
741,ACESSORIOS,A,55.99,4.0,4.662878787878788,0.6,0,1,20.0
786,ACESSORIOS,A,55.99,4.0,4.638888888888889,0.6,0,1,20.0
775,ACESSORIOS,A,55.01,4.0,4.625925925925926,0.6,0,1,20.0
814,ACESSORIOS,A,55.95,4.0,4.598825831702544,0.6,0,1,20.0
1259,PERFUMARIA,A,62.6,3.3333333333333335,4.56172140430351,3.9,0,4,80.0
787,ACESSORIOS,A,55.99,4.0,4.537878787878788,0.6,0,1,20.0
555,ACESSORIOS,A,56.44,4.0,4.503712164477441,0.6,0,1,20.0
3403,LOJA DE BRINQUEDOS,C,38.88,1.7970401691331923,1.1215114884501889,6.3,2,5,25.0
809,ACESSORIOS,A,55.95,4.0,4.4706457925636,0.6,0,1,20.0
776,ACESSORIOS,A,55.01,4.0,4.462962962962963,0.6,0,1,20.0
810,ACESSORIOS,A,55.95,4.0,4.460861056751468,0.6,0,1,20.0
767,ACESSORIOS,A,53.39,4.0,4.393690851735016,0.6,0,1,20.0
668,ACESSORIOS,A,53.4,4.0,4.377525252525253,0.6,0,1,20.0
791,ACESSORIOS,A,55.01,4.0,4.325925925925926,0.6,0,1,20.0
611,ACESSORIOS,A,53.34,4.0,4.300639658848614,0.6,0,1,20.0
788,ACESSORIOS,A,55.01,4.0,4.228395061728396,0.6,0,1,20.0
752,ACESSORIOS,A,53.34,4.0,4.218550106609808,0.6,0,1,20.0
669,ACESSORIOS,A,52.37,4.0,4.161728395061728,0.6,0,1,20.0
667,ACESSORIOS,A,53.4,4.0,4.108585858585858,0.6,0,1,20.0
784,ACESSORIOS,A,59.58,3.0,4.10290404040404,0.6,0,1,20.0
610,ACESSORIOS,A,53.34,4.0,4.087420042643923,0.6,0,1,20.0
686,ACESSORIOS,A,53.4,4.0,4.087121212121213,0.6,0,1,20.0
616,ACESSORIOS,A,53.34,4.0,4.06183368869936,0.6,0,1,20.0
615,ACESSORIOS,A,52.3,4.0,3.983307250912885,0.6,0,1,20.0
781,ACESSORIOS,A,59.71,3.0,3.961728395061729,0.6,0,1,20.0
779,ACESSORIOS,A,58.53,3.0,3.9141414141414144,0.6,0,1,20.0
4050,COMESTIVEIS,C,39.18,1.6153846153846154,0.9398263027295284,4.8,3,2,10.0
785,ACESSORIOS,A,58.68,3.0,3.6888888888888896,0.6,0,1,20.0
782,ACESSORIOS,A,59.71,3.0,3.6098765432098765,0.6,0,1,20.0
3402,LOJA DE BRINQUEDOS,C,42.57,1.9574468085106382,1.4036706188078611,4.5,1,4,32.0
4488,LOJA DE BRINQUEDOS,A,46.62,4.0,3.3157099697885193,0.6,0,1,20.0
1497,PERFUMARIA,A,62.96,2.2660098522167487,3.2023177017447253,12.6,0,13,260.0
4047,COMESTIVEIS,C,36.28,2.1492537313432836,1.2759730757974832,6.3,0,7,56.0
600,ACESSORIOS,A,56.38,2.6666666666666665,3.1893333333333334,0.6,0,1,20.0
766,ACESSORIOS,A,52.36,3.0,2.8932098765432097,0.6,0,1,20.0
8431,ROUPA,A,64.84,4.0,7.048611111111112,0.9,0,1,49.0
8434,ROUPA,A,64.84,4.0,7.048611111111112,0.9,0,1,49.0
3399,LOJA DE BRINQUEDOS,C,44.03,1.6939890710382512,1.2764918846357238,5.1,5,1,9.0
551,ACESSORIOS,A,60.53,4.0,5.619407687460618,0.6,0,1,40.0
8424,ROUPA,A,64.84,4.0,6.777777777777778,0.9,0,1,49.0
548,ACESSORIOS,A,60.17,4.0,5.480698902885006,0.6,0,1,40.0
1500,PERFUMARIA,B,62.86,1.9467213114754096,2.7141220351096615,11.7,1,11,220.0
8812,ROUPA,A,65.11,4.0,7.144792655086849,0.6,0,1,53.0
4445,ACESSORIOS,A,57.17,4.0,4.690145502645502,0.6,0,1,35.0
520,ACESSORIOS,A,59.52,4.0,5.345794392523365,0.6,0,1,40.0
4201,ACESSORIOS,A,57.41,4.0,5.046352583586626,0.6,0,1,38.0
496,ACESSORIOS,A,58.35,4.0,5.292653552790043,0.6,0,1,40.0
9872,ACESSORIOS,A,53.82,4.0,4.584447144592953,0.6,0,1,35.0
491,ACESSORIOS,A,58.42,4.0,5.207725947521866,0.6,0,1,40.0
8423,ROUPA,A,64.84,4.0,6.333333333333333,0.9,0,1,49.0
9856,ACESSORIOS,A,53.81,4.0,4.513173510562544,0.6,0,1,35.0
503,ACESSORIOS,A,58.69,4.0,5.147583804962996,0.6,0,1,40.0
9875,ACESSORIOS,A,53.85,4.0,4.471014492753623,0.6,0,1,35.0
4264,ACESSORIOS,A,57.12,4.0,5.102635658914728,0.6,0,1,40.0
9855,ACESSORIOS,A,53.69,4.0,4.430976430976431,0.6,0,1,35.0
8761,ROUPA,A,67.59,4.0,7.144792655086849,0.6,0,1,57.0
8756,ROUPA,A,67.59,4.0,7.144792655086849,0.6,0,1,57.0
3400,LOJA DE BRINQUEDOS,C,40.74,2.4878048780487805,1.497825675931178,4.8,0,5,60.0
4251,ACESSORIOS,A,57.23,4.0,4.97228144989339,0.6,0,1,40.0
7190,ROUPA,A,63.77,4.0,6.572944297082229,0.6,0,1,53.0
4269,ACESSORIOS,A,57.09,4.0,4.936069827789574,0.6,0,1,40.0
7642,ROUPA,A,61.8,4.0,6.1308016877637135,0.6,0,1,50.0
9781,ACESSORIOS,A,53.59,4.0,4.289711073342921,0.6,0,1,35.0
7639,ROUPA,A,61.8,4.0,6.0886075949367084,0.6,0,1,50.0
7189,ROUPA,A,63.77,4.0,6.424403183023872,0.6,0,1,53.0
9870,ACESSORIOS,A,53.61,4.0,4.240958025886053,0.6,0,1,35.0
7188,ROUPA,A,63.77,4.0,6.339522546419098,0.6,0,1,53.0
9859,ACESSORIOS,A,53.68,4.0,4.139229506613885,0.6,0,1,35.0
7187,ROUPA,A,63.77,4.0,6.254641909814323,0.6,0,1,53.0
4258,ACESSORIOS,A,56.88,4.0,5.236960550701615,0.6,0,1,45.0
515,ACESSORIOS,A,55.96,4.0,4.573770491803279,0.6,0,1,40.0
4268,ACESSORIOS,A,56.98,4.0,4.565772669220945,0.6,0,1,40.0
7873,ROUPA,A,63.75,4.0,6.047745358090186,0.6,0,1,53.0
4249,ACESSORIOS,A,57.23,4.0,5.1250242295018404,0.6,0,1,45.0
4265,ACESSORIOS,A,57.12,4.0,5.117519379844962,0.6,0,1,45.0
547,ACESSORIOS,A,54.47,4.0,4.523975588491718,0.6,0,1,40.0
9780,ACESSORIOS,A,53.61,4.0,3.9326402108654266,0.6,0,1,35.0
7785,ROUPA,A,58.17,4.0,5.217726396917148,0.6,0,1,47.0
7784,ROUPA,A,58.17,4.0,5.213872832369941,0.6,0,1,47.0
4254,ACESSORIOS,A,56.88,4.0,4.979083929044215,0.6,0,1,45.0
4256,ACESSORIOS,A,56.88,4.0,4.920836642838231,0.6,0,1,45.0
4267,ACESSORIOS,A,57.23,4.0,4.914130645473929,0.6,0,1,45.0
7783,ROUPA,A,58.17,4.0,5.082851637764933,0.6,0,1,47.0
7779,ROUPA,A,58.17,4.0,5.071290944123314,0.6,0,1,47.0
501,ACESSORIOS,A,53.68,4.0,4.291157791890572,0.6,0,1,40.0
7781,ROUPA,A,58.17,4.0,4.928709055876685,0.6,0,1,47.0
543,ACESSORIOS,A,60.12,3.0,4.125043417853422,0.6,0,1,40.0
7875,ROUPA,A,74.1,4.0,7.144792655086849,0.6,0,1,70.0
8529,ROUPA,A,74.11,4.0,7.144792655086849,0.6,0,1,70.0
9903,ACESSORIOS,A,53.68,4.0,4.59136319690622,0.6,0,1,45.0
9021,ROUPA,A,58.22,4.0,4.756756756756757,0.6,0,1,47.0
9829,ACESSORIOS,A,53.74,4.0,4.472181765219924,0.6,0,1,45.0
9899,ACESSORIOS,A,53.69,4.0,4.457519472738166,0.6,0,1,45.0
9900,ACESSORIOS,A,53.69,4.0,4.445056920311564,0.6,0,1,45.0
9904,ACESSORIOS,A,53.81,4.0,4.442944472745798,0.6,0,1,45.0
4018,COMESTIVEIS,C,41.4,1.7204301075268815,1.17921146953405,6.9,3,4,48.0
7074,ROUPA,A,55.34,4.0,4.797413793103448,0.6,0,1,49.0
9896,ACESSORIOS,A,53.76,4.0,4.403997305187514,0.6,0,1,45.0
4822,PERFUMARIA,B,45.36,1.426751592356688,0.9763652235765786,5.4,4,2,20.0
528,ACESSORIOS,A,51.17,4.0,3.8683462007314096,0.6,0,1,40.0
9777,ACESSORIOS,A,53.5,4.0,4.261758691206544,0.6,0,1,45.0
9825,ACESSORIOS,A,53.96,4.0,4.260305697081983,0.6,0,1,45.0
9841,ACESSORIOS,A,53.65,4.0,4.255249278535178,0.6,0,1,45.0
9793,ACESSORIOS,A,51.93,4.0,4.211393119007332,0.6,0,1,45.0
9888,ACESSORIOS,A,53.83,4.0,4.1986301369863,0.6,0,1,45.0
7043,ROUPA,A,57.57,4.0,5.224334600760456,0.6,0,1,56.0
9778,ACESSORIOS,A,53.64,4.0,4.193157210913816,0.6,0,1,45.0
7072,ROUPA,A,55.34,4.0,4.556034482758621,0.6,0,1,49.0
7046,ROUPA,A,57.56,4.0,5.198986058301648,0.6,0,1,56.0
7073,ROUPA,A,55.34,4.0,4.538793103448277,0.6,0,1,49.0
7071,ROUPA,A,55.34,4.0,4.538793103448277,0.6,0,1,49.0
4043,COMESTIVEIS,C,39.82,2.3736263736263736,1.4805471664594065,4.8,0,5,80.0
7040,ROUPA,A,57.55,4.0,5.172151898734177,0.6,0,1,56.0
7069,ROUPA,A,55.34,4.0,4.5215517241379315,0.6,0,1,49.0
6872,ROUPA,A,56.13,4.0,4.890350877192982,0.6,0,1,53.0
7045,ROUPA,A,57.56,4.0,5.155893536121673,0.6,0,1,56.0
6932,ROUPA,A,56.94,4.0,5.0588235294117645,0.6,0,1,55.0
8741,ROUPA,A,54.77,6.0,6.43404255319149,0.6,0,1,70.0
6881,ROUPA,A,56.13,4.0,4.850877192982456,0.6,0,1,53.0
7067,ROUPA,A,55.34,4.0,4.482758620689656,0.6,0,1,49.0
7070,ROUPA,A,55.34,4.0,4.4525862068965525,0.6,0,1,49.0
6873,ROUPA,A,56.13,4.0,4.8157894736842115,0.6,0,1,53.0
7702,ROUPA,A,54.99,4.0,4.538461538461538,0.6,0,1,50.0
6879,ROUPA,A,56.13,4.0,4.798245614035089,0.6,0,1,53.0
6875,ROUPA,A,56.13,4.0,4.785087719298246,0.6,0,1,53.0
9786,ACESSORIOS,A,53.61,4.0,4.059967585089141,0.6,0,1,45.0
9906,ACESSORIOS,A,53.64,4.0,4.055099648300118,0.6,0,1,45.0
8175,ROUPA,A,62.43,4.0,6.30690537084399,0.6,0,1,70.0
7039,ROUPA,A,57.55,4.0,5.040506329113923,0.6,0,1,56.0
6877,ROUPA,A,56.13,4.0,4.741228070175438,0.6,0,1,53.0
8847,ROUPA,A,67.56,4.0,7.144792655086849,0.6,0,1,80.0
8843,ROUPA,A,67.54,4.0,7.144792655086849,0.6,0,1,80.0
8845,ROUPA,A,67.56,4.0,7.144792655086849,0.6,0,1,80.0
7579,ROUPA,A,67.57,4.0,7.144792655086849,0.6,0,1,80.0
7576,ROUPA,A,67.57,4.0,7.144792655086849,0.6,0,1,80.0
8841,ROUPA,A,67.54,4.0,7.144,0.6,0,1,80.0
8176,ROUPA,A,62.43,4.0,6.225063938618925,0.6,0,1,70.0
8255,ROUPA,A,52.28,4.0,4.1790540540540535,0.6,0,1,47.0
9905,ACESSORIOS,A,53.75,4.0,3.9933380438074093,0.6,0,1,45.0
9901,ACESSORIOS,A,53.69,4.0,3.981066506890354,0.6,0,1,45.0
9893,ACESSORIOS,A,53.79,4.0,3.965233795984369,0.6,0,1,45.0
7041,ROUPA,A,57.55,4.0,4.931645569620253,0.6,0,1,56.0
8811,ROUPA,A,65.13,2.6666666666666665,4.66294227188082,0.6,0,1,53.0
7722,ROUPA,A,59.9,3.0,4.221327967806841,0.6,0,1,48.0
7068,ROUPA,A,55.34,4.0,4.301724137931035,0.6,0,1,49.0
6878,ROUPA,A,56.13,4.0,4.631578947368421,0.6,0,1,53.0
8253,ROUPA,A,52.28,4.0,4.094594594594595,0.6,0,1,47.0
6773,ROUPA,A,61.61,4.0,6.084033613445379,0.6,0,1,70.0
9902,ACESSORIOS,A,53.6,4.0,3.909233586188857,0.6,0,1,45.0
8173,ROUPA,A,62.43,4.0,6.076726342710996,0.6,0,1,70.0
6776,ROUPA,A,61.61,4.0,6.058823529411765,0.6,0,1,70.0
6874,ROUPA,A,56.13,4.0,4.574561403508772,0.6,0,1,53.0
6772,ROUPA,A,61.61,4.0,6.033613445378151,0.6,0,1,70.0
9782,ACESSORIOS,A,53.5,4.0,3.8773750168440917,0.6,0,1,45.0
6779,ROUPA,A,61.61,4.0,6.029411764705882,0.6,0,1,70.0
7726,ROUPA,A,48.72,4.0,3.6132075471698113,0.6,0,1,42.0
6876,ROUPA,A,56.13,4.0,4.55701754385965,0.6,0,1,53.0
7139,ROUPA,A,48.74,4.0,3.6037735849056602,0.6,0,1,42.0
8174,ROUPA,A,62.43,4.0,6.005115089514066,0.6,0,1,70.0
8994,ROUPA,A,59.91,3.0,4.116700201207244,0.6,0,1,48.0
6832,ROUPA,A,52.33,4.0,4.0270727580372245,0.6,0,1,47.0
9772,ACESSORIOS,A,51.31,4.0,3.8555450747877646,0.6,0,1,45.0
7731,ROUPA,A,48.72,4.0,3.594339622641509,0.6,0,1,42.0
6831,ROUPA,A,52.33,4.0,4.016920473773266,0.6,0,1,47.0
9770,ACESSORIOS,A,53.61,4.0,3.8446785521339817,0.6,0,1,45.0
1499,PERFUMARIA,B,62.86,1.25,1.7043937329700272,11.4,6,6,120.0
8177,ROUPA,A,61.04,4.0,5.960493827160494,0.6,0,1,70.0
8822,ROUPA,A,62.18,4.0,5.958762886597937,0.6,0,1,70.0
8821,ROUPA,A,62.18,4.0,5.955326460481099,0.6,0,1,70.0
8995,ROUPA,A,59.91,3.0,4.07645875251509,0.6,0,1,48.0
8837,ROUPA,A,56.89,4.0,4.659638554216867,0.6,0,1,55.0
8254,ROUPA,A,52.28,4.0,3.9391891891891895,0.6,0,1,47.0
8838,ROUPA,A,56.89,4.0,4.593373493975903,0.6,0,1,55.0
7349,ROUPA,A,66.32,4.0,7.090558766859344,0.6,0,1,85.0
6880,ROUPA,A,56.13,4.0,4.377192982456141,0.6,0,1,53.0
7725,ROUPA,A,48.72,4.0,3.4622641509433967,0.6,0,1,42.0
6778,ROUPA,A,61.61,4.0,5.739495798319328,0.6,0,1,70.0
7473,ROUPA,A,61.46,4.0,5.723849372384937,0.6,0,1,70.0
7138,ROUPA,A,48.74,4.0,3.3899371069182394,0.6,0,1,42.0
7724,ROUPA,A,48.72,4.0,3.3584905660377355,0.6,0,1,42.0
7723,ROUPA,A,48.72,4.0,3.3364779874213832,0.6,0,1,42.0
7012,ROUPA,A,55.18,4.0,4.669064748201439,0.6,0,1,59.0
7013,ROUPA,A,55.18,4.0,4.64748201438849,0.6,0,1,59.0
7481,ROUPA,A,42.12,4.0,2.8704318936877082,0.6,0,1,37.0
6775,ROUPA,A,61.61,4.0,5.415966386554622,0.6,0,1,70.0
7221,ROUPA,A,62.53,4.0,6.5649913344887345,0.6,0,1,85.0
4807,PERFUMARIA,C,44.75,2.2857142857142856,1.5381132492200655,4.5,1,4,80.0
8823,ROUPA,A,62.18,4.0,5.360824742268041,0.6,0,1,70.0
4262,ACESSORIOS,A,57.1,2.5,3.032672800188724,3.9,0,4,160.0
4054,COMESTIVEIS,C,38.93,2.608695652173913,1.5155500541544176,6.6,0,7,140.0
2776,COMESTIVEIS,A,59.32,3.062200956937799,3.922085392318351,66.9,0,67,3484.0
8959,ROUPA,A,56.95,4.0,4.440422322775263,0.6,0,1,59.0
7480,ROUPA,A,42.12,4.0,2.757475083056479,0.6,0,1,37.0
4057,COMESTIVEIS,C,35.43,1.606694560669456,0.8107424345626154,6.6,4,3,33.0
7483,ROUPA,A,42.12,4.0,2.7242524916943522,0.6,0,1,37.0
7817,ROUPA,A,58.63,4.0,5.425431711145997,0.6,0,1,74.0
7484,ROUPA,A,42.12,4.0,2.710963455149502,0.6,0,1,37.0
7728,ROUPA,A,48.72,4.0,3.0754716981132075,0.6,0,1,42.0
7816,ROUPA,A,58.63,4.0,5.337519623233909,0.6,0,1,74.0
7442,ROUPA,A,61.89,4.0,5.762626262626263,0.6,0,1,80.0
7220,ROUPA,A,62.53,4.0,6.117850953206239,0.6,0,1,85.0
7440,ROUPA,A,61.89,4.0,5.752525252525253,0.6,0,1,80.0
7014,ROUPA,A,55.18,4.0,4.2194244604316555,0.6,0,1,59.0
7479,ROUPA,A,42.12,4.0,2.644518272425249,0.6,0,1,37.0
7482,ROUPA,A,42.12,4.0,2.644518272425249,0.6,0,1,37.0
1444,PERFUMARIA,A,62.87,2.5,3.5688836104513064,3.9,0,4,200.0
536,ACESSORIOS,A,51.16,3.0,2.852092645266152,0.6,0,1,40.0
7628,ROUPA,A,55.35,4.0,4.94344163658243,0.6,0,1,70.0
7441,ROUPA,A,61.89,4.0,5.641414141414141,0.6,0,1,80.0
7448,ROUPA,A,61.89,4.0,5.621212121212121,0.6,0,1,80.0
7455,ROUPA,A,56.23,4.0,4.89134438305709,0.6,0,1,70.0
7466,ROUPA,A,56.23,4.0,4.89134438305709,0.6,0,1,70.0
7795,ROUPA,A,56.64,4.0,4.888475836431226,0.6,0,1,70.0
7799,ROUPA,A,56.64,4.0,4.884758364312268,0.6,0,1,70.0
7794,ROUPA,A,56.64,4.0,4.884758364312268,0.6,0,1,70.0
7467,ROUPA,A,56.23,4.0,4.880294659300184,0.6,0,1,70.0
7818,ROUPA,A,58.63,4.0,5.152276295133438,0.6,0,1,74.0
7793,ROUPA,A,56.64,4.0,4.862453531598513,0.6,0,1,70.0
7222,ROUPA,A,62.53,4.0,5.899480069324092,0.6,0,1,85.0
7469,ROUPA,A,56.23,4.0,4.858195211786372,0.6,0,1,70.0
8500,ROUPA,A,50.78,4.0,4.155672823218997,0.6,0,1,60.0
7457,ROUPA,A,56.23,4.0,4.847145488029466,0.6,0,1,70.0
7819,ROUPA,A,58.63,4.0,5.1083202511773935,0.6,0,1,74.0
7458,ROUPA,A,56.23,4.0,4.821362799263352,0.6,0,1,70.0
7460,ROUPA,A,56.23,4.0,4.795580110497237,0.6,0,1,70.0
7798,ROUPA,A,56.64,4.0,4.784386617100371,0.6,0,1,70.0
7470,ROUPA,A,56.23,4.0,4.777163904235727,0.6,0,1,70.0
7468,ROUPA,A,56.23,4.0,4.758747697974218,0.6,0,1,70.0
8371,ROUPA,A,57.3,4.0,5.276595744680851,0.6,0,1,78.0
8504,ROUPA,A,50.78,4.0,4.055408970976253,0.6,0,1,60.0
7464,ROUPA,A,56.23,4.0,4.721915285451197,0.6,0,1,70.0
4770,PERFUMARIA,B,45.1,1.5107913669064748,1.0086995620894588,4.5,3,2,30.0
1255,PERFUMARIA,B,62.78,1.0,1.3418781398943709,4.5,4,1,20.0
6981,ROUPA,A,63.87,4.0,6.830935251798561,0.6,0,1,102.0
6688,ROUPA,A,67.31,8.0,7.144792655086849,0.6,0,1,107.0
7372,ROUPA,A,66.7,8.0,7.144792655086849,0.6,0,1,107.0
7459,ROUPA,A,56.23,4.0,4.670349907918969,0.6,0,1,70.0
6978,ROUPA,A,63.87,4.0,6.766187050359713,0.6,0,1,102.0
7629,ROUPA,A,55.35,4.0,4.635379061371841,0.6,0,1,70.0
8497,ROUPA,A,50.78,4.0,3.963060686015831,0.6,0,1,60.0
6748,ROUPA,A,57.97,4.0,5.276887871853546,0.6,0,1,80.0
6727,ROUPA,A,63.87,4.0,6.590425531914894,0.6,0,1,100.0
6731,ROUPA,A,63.87,4.0,6.590425531914894,0.6,0,1,100.0
6977,ROUPA,A,63.87,4.0,6.719424460431655,0.6,0,1,102.0
6726,ROUPA,A,63.87,4.0,6.585106382978724,0.6,0,1,100.0
8803,ROUPA,A,54.28,4.0,4.3350970017636685,0.6,0,1,66.0
6970,ROUPA,A,69.17,4.0,7.144792655086849,0.6,0,1,109.0
7378,ROUPA,A,56.64,4.0,4.784431137724551,0.6,0,1,73.0
6732,ROUPA,A,63.87,4.0,6.547872340425532,0.6,0,1,100.0
6728,ROUPA,A,63.87,4.0,6.547872340425532,0.6,0,1,100.0
7452,ROUPA,A,56.23,4.0,4.570902394106814,0.6,0,1,70.0
1501,PERFUMARIA,B,62.86,0.9374068554396424,1.305540478969524,37.8,22,16,320.0
7461,ROUPA,A,56.23,4.0,4.567219152854513,0.6,0,1,70.0
7630,ROUPA,A,55.35,4.0,4.560770156438026,0.6,0,1,70.0
8800,ROUPA,A,54.28,4.0,4.285714285714286,0.6,0,1,66.0
6752,ROUPA,A,57.97,4.0,5.194508009153318,0.6,0,1,80.0
7456,ROUPA,A,56.23,4.0,4.52670349907919,0.6,0,1,70.0
6751,ROUPA,A,57.97,4.0,5.167048054919908,0.6,0,1,80.0
7462,ROUPA,A,56.23,4.0,4.4935543278084715,0.6,0,1,70.0
8499,ROUPA,A,50.78,4.0,3.8443271767810026,0.6,0,1,60.0
1445,PERFUMARIA,A,62.87,2.2857142857142856,3.201720624858502,7.5,0,8,400.0
7651,ROUPA,A,56.89,4.0,4.575301204819278,0.6,0,1,72.0
7647,ROUPA,A,57.33,4.0,4.93455098934551,0.6,0,1,78.0
5185,PERFUMARIA,A,50.89,6.0,5.03247038174638,2.4,0,3,240.0
6730,ROUPA,A,63.87,4.0,6.276595744680852,0.6,0,1,100.0
7653,ROUPA,A,71.01,4.0,7.144792655086849,0.6,0,1,115.0
8764,ROUPA,A,42.05,4.0,2.298507462686567,0.6,0,1,37.0
6820,ROUPA,A,52.06,4.0,4.286195286195286,0.6,0,1,69.0
7454,ROUPA,A,56.23,4.0,4.335174953959484,0.6,0,1,70.0
6747,ROUPA,A,57.97,4.0,4.938215102974828,0.6,0,1,80.0
8503,ROUPA,A,50.78,4.0,3.683377308707124,0.6,0,1,60.0
7472,ROUPA,A,57.8,4.0,4.888382687927107,0.6,0,1,80.0
1250,PERFUMARIA,B,62.62,1.3333333333333333,1.8295930580490722,7.2,3,5,150.0
8888,ROUPA,A,63.84,4.0,6.197486535008975,0.6,0,1,102.0
7677,ROUPA,A,59.68,4.0,5.5840000000000005,0.6,0,1,92.0
8203,ROUPA,A,52.36,4.0,4.046035805626598,0.9,0,1,67.0
7701,ROUPA,A,54.97,2.6666666666666665,3.018518518518518,0.6,0,1,50.0
7011,ROUPA,A,56.1,4.0,4.766272189349112,0.6,0,1,79.0
6815,ROUPA,A,52.06,4.0,4.161616161616161,0.6,0,1,69.0
6750,ROUPA,A,57.97,4.0,4.8237986270022875,0.6,0,1,80.0
6725,ROUPA,A,63.87,4.0,6.00531914893617,0.6,0,1,100.0
7681,ROUPA,A,59.68,4.0,5.4959999999999996,0.6,0,1,92.0
6819,ROUPA,A,52.06,4.0,4.114478114478114,0.6,0,1,69.0
7680,ROUPA,A,59.68,4.0,5.4799999999999995,0.6,0,1,92.0
8884,ROUPA,A,63.84,4.0,6.075403949730701,0.6,0,1,102.0
8883,ROUPA,A,63.84,4.0,6.068222621184918,0.6,0,1,102.0
6818,ROUPA,A,52.06,4.0,4.104377104377105,0.6,0,1,69.0
7675,ROUPA,A,59.68,4.0,5.468,0.6,0,1,92.0
1447,PERFUMARIA,B,62.87,2.0869565217391304,2.962378557155654,7.5,0,8,400.0
6814,ROUPA,A,52.06,4.0,4.087542087542087,0.6,0,1,69.0
7010,ROUPA,A,56.1,4.0,4.677514792899408,0.6,0,1,79.0
7676,ROUPA,A,59.68,4.0,5.44,0.6,0,1,92.0
7673,ROUPA,A,59.68,4.0,5.44,0.6,0,1,92.0
8317,ROUPA,A,60.63,4.0,5.9087546239210855,0.6,0,1,100.0
7842,ROUPA,A,59.14,4.0,5.546489563567363,0.6,0,1,94.0
9808,ACESSORIOS,A,53.72,4.0,2.3596373585108097,0.6,0,1,40.0
8325,ROUPA,A,60.63,4.0,5.896424167694205,0.6,0,1,100.0
8319,ROUPA,A,60.63,4.0,5.896424167694205,0.6,0,1,100.0
8318,ROUPA,A,60.63,4.0,5.891491985203453,0.6,0,1,100.0
8330,ROUPA,A,58.06,4.0,5.439628482972136,0.6,0,1,93.0
7557,ROUPA,A,51.45,4.0,4.093582887700535,0.6,0,1,70.0
7672,ROUPA,A,59.68,4.0,5.38,0.6,0,1,92.0
8329,ROUPA,A,58.06,4.0,5.421052631578947,0.6,0,1,93.0
8324,ROUPA,A,60.63,4.0,5.824907521578299,0.6,0,1,100.0
7700,ROUPA,A,54.97,2.6666666666666665,2.9002849002849005,0.6,0,1,50.0
6822,ROUPA,A,52.06,4.0,3.9966329966329965,0.6,0,1,69.0
6813,ROUPA,A,52.06,4.0,3.9932659932659926,0.6,0,1,69.0
8501,ROUPA,A,50.78,4.0,3.4696569920844325,0.6,0,1,60.0
7678,ROUPA,A,59.68,4.0,5.32,0.6,0,1,92.0
6780,ROUPA,A,61.61,2.6666666666666665,4.042016806722689,0.6,0,1,70.0
6909,ROUPA,A,58.1,4.0,5.348837209302325,0.6,0,1,93.0
7671,ROUPA,A,59.68,4.0,5.287999999999999,0.6,0,1,92.0
6823,ROUPA,A,52.06,4.0,3.942760942760943,0.6,0,1,69.0
6821,ROUPA,A,52.06,4.0,3.942760942760943,0.6,0,1,69.0
6774,ROUPA,A,61.61,2.6666666666666665,3.9943977591036415,0.6,0,1,70.0
8464,ROUPA,A,43.62,4.0,2.852646638054363,0.6,0,1,50.0
8316,ROUPA,A,60.63,4.0,5.704069050554872,0.6,0,1,100.0
7657,ROUPA,A,51.33,4.0,4.096185737976782,0.6,0,1,72.0
7953,ROUPA,A,50.56,4.0,3.9605781865965834,0.6,0,1,70.0
6816,ROUPA,A,52.06,4.0,3.888888888888889,0.6,0,1,69.0
5750,PERFUMARIA,A,47.93,4.0,2.815365551425031,0.6,0,1,50.0
7556,ROUPA,A,51.45,4.0,3.925133689839572,0.6,0,1,70.0
2841,PERFUMARIA,A,50.0,2.6666666666666665,2.2412935323383083,0.6,0,1,40.0
6745,ROUPA,A,60.01,4.0,5.572115384615384,0.6,0,1,100.0
8240,ROUPA,A,52.15,4.0,3.841483979763913,0.6,0,1,69.0
7179,ROUPA,A,58.66,4.0,5.5039246467817895,0.6,0,1,99.0
8243,ROUPA,A,52.03,4.0,3.835294117647059,0.6,0,1,69.0
8239,ROUPA,A,52.1,4.0,3.831649831649831,0.6,0,1,69.0
6817,ROUPA,A,52.06,4.0,3.8282828282828283,0.6,0,1,69.0
6907,ROUPA,A,58.1,4.0,5.144186046511628,0.6,0,1,93.0
8331,ROUPA,A,58.06,4.0,5.13312693498452,0.6,0,1,93.0
8209,ROUPA,A,59.87,4.0,5.505995203836931,0.6,0,1,100.0
7175,ROUPA,A,58.66,4.0,5.447409733124019,0.6,0,1,99.0
8676,ROUPA,A,59.74,4.0,5.462925851703406,0.6,0,1,100.0
6737,ROUPA,A,60.01,4.0,5.451923076923077,0.6,0,1,100.0
7180,ROUPA,A,58.66,4.0,5.397174254317112,0.6,0,1,99.0
7176,ROUPA,A,58.66,4.0,5.387755102040816,0.6,0,1,99.0
7174,ROUPA,A,58.66,4.0,5.381475667189953,0.6,0,1,99.0
6738,ROUPA,A,60.01,4.0,5.41826923076923,0.6,0,1,100.0
6735,ROUPA,A,60.01,4.0,5.41826923076923,0.6,0,1,100.0
6739,ROUPA,A,60.01,4.0,5.3894230769230775,0.6,0,1,100.0
7655,ROUPA,A,51.33,4.0,3.87396351575456,0.6,0,1,72.0
6736,ROUPA,A,60.01,4.0,5.375,0.6,0,1,100.0
6892,ROUPA,A,48.99,4.0,3.5443037974683542,0.6,0,1,66.0
7092,ROUPA,A,55.7,4.0,4.830097087378641,0.6,0,1,90.0
8237,ROUPA,A,52.1,4.0,3.696969696969697,0.6,0,1,69.0
8328,ROUPA,A,58.06,4.0,4.978328173374613,0.6,0,1,93.0
7550,ROUPA,A,51.45,4.0,3.7352941176470584,0.6,0,1,70.0
7843,ROUPA,A,59.14,4.0,5.005692599620494,0.6,0,1,94.0
6889,ROUPA,A,48.99,4.0,3.512658227848101,0.6,0,1,66.0
9758,ROUPA,A,53.36,2.2857142857142856,2.5001472754050074,3.3,0,4,188.0
7674,ROUPA,A,59.68,4.0,4.859999999999999,0.6,0,1,92.0
7016,ROUPA,A,55.18,2.6666666666666665,3.088729016786571,0.6,0,1,59.0
7098,ROUPA,A,55.7,4.0,4.701456310679612,0.6,0,1,90.0
7054,ROUPA,A,52.69,4.0,4.120713305898491,0.6,0,1,79.0
7954,ROUPA,A,50.56,4.0,3.650459921156373,0.6,0,1,70.0
7841,ROUPA,A,59.14,4.0,4.889943074003796,0.6,0,1,94.0
8402,ROUPA,A,56.4,4.0,4.88724584103512,0.6,0,1,94.0
9024,ROUPA,A,57.25,3.0,3.743396226415094,0.6,0,1,72.0
8403,ROUPA,A,56.39,4.0,4.876155268022181,0.6,0,1,94.0
6741,ROUPA,A,60.01,4.0,5.182692307692308,0.6,0,1,100.0
9757,ROUPA,A,53.36,2.2857142857142856,2.427098674521355,3.3,0,4,188.0
7951,ROUPA,A,50.56,4.0,3.605781865965834,0.6,0,1,70.0
7660,ROUPA,A,51.33,4.0,3.708126036484245,0.6,0,1,72.0
7512,ROUPA,A,67.17,4.0,7.144792655086849,0.6,0,1,140.0
7944,ROUPA,A,71.85,4.0,7.144792655086849,0.6,0,1,140.0
945,LOJA DE BRINQUEDOS,C,41.87,2.0558659217877095,1.530330272480147,31.8,0,32,960.0
7181,ROUPA,A,58.66,4.0,5.014128728414442,0.6,0,1,99.0
7097,ROUPA,A,55.7,4.0,4.543689320388349,0.6,0,1,90.0
7050,ROUPA,A,52.69,4.0,3.983539094650206,0.6,0,1,79.0
7562,ROUPA,A,51.45,4.0,3.529411764705882,0.6,0,1,70.0
6891,ROUPA,A,48.99,4.0,3.3227848101265822,0.6,0,1,66.0
4775,PERFUMARIA,A,47.78,4.0,3.014223194748359,2.4,0,3,180.0
9759,ROUPA,A,52.48,2.2399999999999998,2.358461538461538,3.3,0,4,188.0
9760,ROUPA,B,53.36,2.1538461538461537,2.355908009516257,3.3,0,4,188.0
6979,ROUPA,A,63.89,3.0,5.055755395683454,0.6,0,1,102.0
6980,ROUPA,A,63.89,3.0,5.053956834532374,0.6,0,1,102.0
9584,ROUPA,A,49.71,4.0,3.8578811369509043,0.6,0,1,78.0
7645,ROUPA,A,48.64,4.0,3.594976452119309,0.6,0,1,73.0
7659,ROUPA,A,51.33,4.0,3.5456053067993363,0.6,0,1,72.0
7656,ROUPA,A,51.33,4.0,3.5257048092868986,0.6,0,1,72.0
5710,PERFUMARIA,B,47.88,1.2727272727272727,0.9779360551888826,3.3,3,1,20.0
4743,PERFUMARIA,C,44.08,2.25,1.4142033165104542,4.2,0,5,145.0
7646,ROUPA,A,48.64,4.0,3.5416012558869703,0.6,0,1,73.0
7053,ROUPA,A,52.69,4.0,3.8161865569272977,0.6,0,1,79.0
7947,ROUPA,A,71.86,3.0,6.699937225360953,0.6,0,1,140.0
4010,COMESTIVEIS,C,38.59,2.454545454545454,1.7220170454545454,7.2,0,8,288.0
8132,ROUPA,A,65.22,4.0,7.144792655086849,0.6,0,1,150.0
6657,ROUPA,A,65.35,6.0,7.144792655086849,0.6,0,1,150.0
7339,ROUPA,A,65.22,4.0,7.144792655086849,0.6,0,1,150.0
6659,ROUPA,A,65.35,4.0,7.137254901960785,0.6,0,1,150.0
8130,ROUPA,A,65.22,4.0,7.11731843575419,0.6,0,1,150.0
7060,ROUPA,A,56.5,4.0,4.742115027829314,0.6,0,1,100.0
7643,ROUPA,A,48.64,4.0,3.4505494505494507,0.6,0,1,73.0
7094,ROUPA,A,55.7,4.0,4.247572815533981,0.6,0,1,90.0
8721,ROUPA,A,54.77,3.0,3.2659574468085104,0.6,0,1,70.0
8726,ROUPA,A,54.77,3.0,3.257446808510638,0.6,0,1,70.0
6656,ROUPA,A,56.67,4.0,4.884658454647257,0.6,0,1,105.0
7059,ROUPA,A,56.5,4.0,4.64935064935065,0.6,0,1,100.0
4178,BEBIDAS,C,32.39,2.0547945205479454,0.9293275217932753,9.0,0,9,180.0
7644,ROUPA,A,48.64,4.0,3.390894819466248,0.6,0,1,73.0
6653,ROUPA,A,56.67,4.0,4.875699888017917,0.6,0,1,105.0
8165,ROUPA,A,66.69,2.6666666666666665,4.924198250728863,0.6,0,1,107.0
8890,ROUPA,A,63.86,3.0,4.6804308797127465,0.6,0,1,102.0
8885,ROUPA,A,63.86,3.0,4.6804308797127465,0.6,0,1,102.0
4473,ROUPA,A,54.56,4.0,4.556174558960074,0.6,0,1,100.0
6918,ROUPA,A,55.18,3.4285714285714284,3.6873083997547513,2.4,0,3,243.0
7965,ROUPA,A,60.96,4.0,5.900826446280992,0.6,0,1,130.0
6974,ROUPA,A,57.34,4.0,5.071752951861944,0.6,0,1,112.0
7338,ROUPA,A,65.22,4.0,6.790502793296089,0.6,0,1,150.0
7061,ROUPA,A,56.5,4.0,4.5231910946196665,0.6,0,1,100.0
6658,ROUPA,A,65.35,4.0,6.750700280112046,0.6,0,1,150.0
6703,ROUPA,A,55.13,3.0,3.507194244604317,0.6,0,1,78.0
8723,ROUPA,A,54.77,3.0,3.1106382978723404,0.6,0,1,70.0
4843,PERFUMARIA,B,71.12,0.7758620689655172,1.5550862068965514,10.8,8,3,105.0
7057,ROUPA,A,56.5,4.0,4.434137291280148,0.6,0,1,100.0
9898,ACESSORIOS,B,53.69,2.0,1.9692031156381067,0.6,0,1,45.0
6976,ROUPA,A,57.34,4.0,4.897366030881018,0.6,0,1,112.0
7052,ROUPA,A,52.69,4.0,3.4320987654320994,0.6,0,1,79.0
3401,LOJA DE BRINQUEDOS,C,42.69,2.16,1.5175354416575793,4.5,0,5,175.0
456,BEBIDAS,B,60.65,1.7982625482625483,2.590545615862071,300.0,63,237,14220.0
383,COMESTIVEIS,A,69.81,2.429906542056075,5.180369227936099,42.0,0,42,5040.0
7945,ROUPA,A,71.86,2.6666666666666665,6.041431261770246,0.6,0,1,140.0
8802,ROUPA,A,54.32,2.6666666666666665,2.8480565371024733,0.6,0,1,66.0
4736,PERFUMARIA,C,43.04,2.052631578947368,1.250605231717286,4.5,0,5,145.0
7058,ROUPA,A,56.5,4.0,4.256029684601113,0.6,0,1,100.0
5747,PERFUMARIA,A,47.92,2.739130434782609,2.1208237986270024,3.3,0,4,200.0
8119,ROUPA,A,62.86,4.0,6.465991316931983,0.6,0,1,153.0
6749,ROUPA,A,57.95,2.6666666666666665,3.3775743707093824,0.6,0,1,80.0
6957,ROUPA,A,58.76,4.0,5.665488810365136,0.6,0,1,135.0
4737,PERFUMARIA,C,44.64,2.032258064516129,1.3768251273344652,4.5,0,5,165.0
4014,COMESTIVEIS,C,38.52,1.88050930460333,1.081998747033027,24.0,0,24,624.0
7582,ROUPA,A,66.75,4.0,7.144792655086849,0.6,0,1,172.0
8116,ROUPA,A,62.86,4.0,6.306801736613603,0.6,0,1,153.0
8144,ROUPA,A,59.52,4.0,5.32541567695962,0.6,0,1,130.0
8097,ROUPA,A,65.09,4.0,7.144792655086849,0.6,0,1,175.0
8105,ROUPA,A,65.09,4.0,7.144792655086849,0.6,0,1,175.0
4235,ACESSORIOS,A,57.18,4.0,4.881423621307335,0.6,0,1,120.0
6949,ROUPA,A,58.76,4.0,5.481743227326266,0.6,0,1,135.0
6948,ROUPA,A,58.76,4.0,5.477031802120141,0.6,0,1,135.0
6954,ROUPA,A,58.76,4.0,5.472320376914016,0.6,0,1,135.0
6950,ROUPA,A,58.76,4.0,5.4628975265017665,0.6,0,1,135.0
6953,ROUPA,A,58.76,4.0,5.4628975265017665,0.6,0,1,135.0
6947,ROUPA,A,58.76,4.0,5.460541813898704,0.6,0,1,135.0
7890,ROUPA,A,57.59,4.0,4.727605118829982,0.6,0,1,117.0
8096,ROUPA,A,65.09,4.0,7.066255778120184,0.6,0,1,175.0
7826,ROUPA,A,57.17,4.0,5.045454545454545,0.6,0,1,125.0
6956,ROUPA,A,58.76,4.0,5.425206124852768,0.6,0,1,135.0
8106,ROUPA,A,65.09,4.0,7.010785824345146,0.6,0,1,175.0
6946,ROUPA,A,58.76,4.0,5.392226148409894,0.6,0,1,135.0
8145,ROUPA,A,59.52,4.0,5.178147268408551,0.6,0,1,130.0
6955,ROUPA,A,58.76,4.0,5.347467608951709,0.6,0,1,135.0
4738,PERFUMARIA,B,61.59,1.9154929577464788,2.571041792678361,12.0,1,11,715.0
9662,ROUPA,A,49.51,4.0,3.8695652173913047,0.9,0,1,98.0
4069,COMESTIVEIS,C,40.73,2.3128491620111733,1.4998925655350237,42.0,0,42,1596.0
4065,COMESTIVEIS,C,35.98,1.984251968503937,1.063060595686409,5.7,0,6,162.0
8099,ROUPA,A,65.09,4.0,6.887519260400617,0.6,0,1,175.0
4627,LOJA DE BRINQUEDOS,B,48.23,2.201492537313433,1.964963318998229,26.1,1,26,1300.0
8101,ROUPA,A,65.09,4.0,6.838212634822804,0.6,0,1,175.0
8804,ROUPA,A,54.32,2.4,2.559010600706714,0.6,0,1,66.0
6952,ROUPA,A,58.76,4.0,5.2226148409894,0.6,0,1,135.0
7894,ROUPA,A,58.4,4.0,5.4147286821705425,0.6,0,1,140.0
8801,ROUPA,A,54.32,2.4,2.551590106007067,0.6,0,1,66.0
6861,ROUPA,A,52.21,4.0,4.282608695652174,0.6,0,1,111.0
6863,ROUPA,A,52.21,4.0,4.266304347826087,0.6,0,1,111.0
8273,ROUPA,A,52.17,4.0,4.255088195386703,0.6,0,1,111.0
8279,ROUPA,A,52.17,4.0,4.241519674355495,0.6,0,1,111.0
6862,ROUPA,A,52.21,4.0,4.217391304347826,0.6,0,1,111.0
8268,ROUPA,A,52.17,4.0,4.2062415196743554,0.6,0,1,111.0
6858,ROUPA,A,52.21,4.0,4.201086956521739,0.6,0,1,111.0
4048,COMESTIVEIS,C,38.47,1.6590683845391478,0.9030429835187019,24.3,6,19,456.0
7154,ROUPA,A,67.86,4.0,7.144792655086849,0.6,0,1,190.0
9042,ROUPA,A,67.87,4.0,7.144792655086849,0.6,0,1,190.0
7152,ROUPA,A,67.67,4.0,7.144792655086849,0.6,0,1,190.0
7153,ROUPA,A,67.86,4.0,7.144792655086849,0.6,0,1,190.0
8475,ROUPA,A,67.83,4.0,7.144792655086849,0.6,0,1,190.0
8473,ROUPA,A,67.67,4.0,7.144792655086849,0.6,0,1,190.0
8474,ROUPA,A,67.67,4.0,7.144792655086849,0.6,0,1,190.0
7811,ROUPA,A,67.67,4.0,7.144792655086849,0.6,0,1,190.0
7155,ROUPA,A,67.65,4.0,7.144792655086849,0.6,0,1,190.0
8269,ROUPA,A,52.17,4.0,4.173677069199457,0.6,0,1,111.0
6857,ROUPA,A,52.21,4.0,4.163043478260869,0.6,0,1,111.0
5777,ACESSORIOS,A,54.05,4.0,2.324389589482157,0.6,0,1,62.0
7932,ROUPA,A,64.14,4.0,6.884057971014493,0.6,0,1,184.0
7901,ROUPA,A,58.4,4.0,5.236434108527131,0.6,0,1,140.0
4825,PERFUMARIA,B,56.18,1.3284671532846715,1.383488288404419,7.5,4,4,148.0
6860,ROUPA,A,52.21,4.0,4.141304347826087,0.6,0,1,111.0
8113,ROUPA,A,62.86,4.0,5.70767004341534,0.6,0,1,153.0
7925,ROUPA,A,64.14,4.0,6.86231884057971,0.6,0,1,184.0
7410,ROUPA,A,54.94,2.6666666666666665,2.9039952295766254,0.6,0,1,78.0
7935,ROUPA,A,64.14,4.0,6.789855072463769,0.6,0,1,184.0
5745,PERFUMARIA,A,47.95,2.3783783783783785,1.8419262411822859,4.2,0,5,250.0
7192,ROUPA,A,58.44,4.0,5.157281553398058,0.6,0,1,140.0
7193,ROUPA,A,58.44,4.0,5.141747572815533,0.6,0,1,140.0
4808,PERFUMARIA,C,30.15,2.1209302325581394,0.7251217834044309,4.8,0,5,100.0
6782,ROUPA,A,55.44,4.0,4.4825090470446325,0.6,0,1,124.0
8555,ROUPA,A,64.17,4.0,6.634057971014494,0.6,0,1,184.0
4282,ACESSORIOS,A,57.2,3.0,3.5933808911238447,0.6,0,1,100.0
7933,ROUPA,A,64.14,4.0,6.597826086956522,0.6,0,1,184.0
7900,ROUPA,A,58.4,4.0,4.996124031007752,0.6,0,1,140.0
6674,ROUPA,A,54.12,4.0,4.4947589098532506,0.6,0,1,126.0
6685,ROUPA,A,54.12,4.0,4.4947589098532506,0.6,0,1,126.0
8990,ROUPA,A,58.4,2.6666666666666665,3.6343558282208583,0.6,0,1,102.0
6682,ROUPA,A,54.12,4.0,4.477987421383648,0.6,0,1,126.0
4632,LOJA DE BRINQUEDOS,A,44.82,2.2994011976047903,1.7766943988129937,4.5,1,4,200.0
6672,ROUPA,A,54.12,4.0,4.452830188679246,0.6,0,1,126.0
6684,ROUPA,A,54.12,4.0,4.448637316561845,0.6,0,1,126.0
6678,ROUPA,A,54.12,4.0,4.448637316561845,0.6,0,1,126.0
6677,ROUPA,A,54.12,4.0,4.448637316561845,0.6,0,1,126.0
7893,ROUPA,A,58.4,4.0,4.941860465116279,0.6,0,1,140.0
8051,ROUPA,A,52.61,3.0,3.1987829614604464,0.6,0,1,91.0
6683,ROUPA,A,54.12,4.0,4.427672955974844,0.6,0,1,126.0
6675,ROUPA,A,54.12,4.0,4.427672955974844,0.6,0,1,126.0
8147,ROUPA,A,53.94,4.0,4.421711899791232,0.6,0,1,126.0
8999,ROUPA,A,64.1,4.0,6.872972972972972,0.6,0,1,196.0
7017,ROUPA,A,59.86,3.0,4.15926640926641,0.6,0,1,119.0
8050,ROUPA,A,52.61,3.0,3.1724137931034484,0.6,0,1,91.0
7924,ROUPA,A,64.14,4.0,6.405797101449275,0.6,0,1,184.0
7736,ROUPA,A,64.09,4.0,6.821621621621622,0.6,0,1,196.0
7734,ROUPA,A,64.09,4.0,6.8108108108108105,0.6,0,1,196.0
9761,ROUPA,A,52.21,2.571428571428571,2.605705662546709,3.3,0,4,300.0
2912,PERFUMARIA,A,50.16,2.5,2.153679653679654,2.1,0,3,186.0
7934,ROUPA,A,64.14,4.0,6.38768115942029,0.6,0,1,184.0
7170,ROUPA,A,51.76,4.0,4.08695652173913,0.6,0,1,118.0
7169,ROUPA,A,51.76,4.0,4.08695652173913,0.6,0,1,118.0
7172,ROUPA,A,51.76,4.0,4.08695652173913,0.6,0,1,118.0
7476,ROUPA,A,55.27,4.0,4.293269230769231,0.6,0,1,124.0
7128,ROUPA,A,54.51,4.0,4.482168330955777,0.6,0,1,130.0
4237,ACESSORIOS,A,57.11,3.0,3.4476106074033677,0.6,0,1,100.0
970,LOJA DE BRINQUEDOS,B,52.27,2.013245033112583,2.0668660542619097,4.5,1,4,240.0
7168,ROUPA,A,51.76,4.0,4.060200668896321,0.6,0,1,118.0
7173,ROUPA,A,51.76,4.0,4.060200668896321,0.6,0,1,118.0
7849,ROUPA,A,51.72,4.0,4.060100166944908,0.6,0,1,118.0
7929,ROUPA,A,64.14,4.0,6.32608695652174,0.6,0,1,184.0
7856,ROUPA,A,51.72,4.0,4.053422370617696,0.6,0,1,118.0
7850,ROUPA,A,51.72,4.0,4.040066777963272,0.6,0,1,118.0
6911,ROUPA,A,55.84,4.0,4.958823529411765,0.6,0,1,145.0
8998,ROUPA,A,64.1,4.0,6.697297297297298,0.6,0,1,196.0
4787,PERFUMARIA,A,60.11,2.1599999999999997,2.7328210313447925,12.0,0,12,960.0
7854,ROUPA,A,51.72,4.0,4.030050083472454,0.6,0,1,118.0
7852,ROUPA,A,51.72,4.0,4.010016694490818,0.6,0,1,118.0
7853,ROUPA,A,51.72,4.0,4.010016694490818,0.6,0,1,118.0
7918,ROUPA,A,64.14,4.0,6.250000000000001,0.6,0,1,184.0
9756,ROUPA,A,52.21,2.8235294117647056,2.5380518404544916,3.6,0,4,300.0
4281,ACESSORIOS,A,57.2,3.0,3.3755116360659567,0.6,0,1,100.0
6673,ROUPA,A,54.12,4.0,4.251572327044026,0.6,0,1,126.0
7931,ROUPA,A,64.14,4.0,6.206521739130435,0.6,0,1,184.0
4806,PERFUMARIA,C,30.15,1.8208333333333333,0.6740877712031559,4.8,1,4,80.0
7124,ROUPA,A,54.51,4.0,4.379457917261056,0.6,0,1,130.0
7926,ROUPA,A,64.14,4.0,6.195652173913045,0.6,0,1,184.0
7123,ROUPA,A,54.51,4.0,4.373751783166904,0.6,0,1,130.0
7141,ROUPA,A,59.31,4.0,5.372315035799522,0.6,0,1,160.0
7928,ROUPA,A,64.14,4.0,6.173913043478261,0.6,0,1,184.0
7547,ROUPA,A,55.84,4.0,4.841176470588236,0.6,0,1,145.0
7140,ROUPA,A,59.31,4.0,5.341288782816229,0.6,0,1,160.0
6710,ROUPA,A,50.93,4.0,3.65086887835703,0.6,0,1,110.0
4044,COMESTIVEIS,C,36.9,2.2600896860986546,1.3201591041524157,9.0,0,9,360.0
7919,ROUPA,A,64.14,4.0,6.057971014492754,0.6,0,1,184.0
8148,ROUPA,A,53.94,4.0,4.146137787056367,0.6,0,1,126.0
7185,ROUPA,A,52.18,4.0,4.266304347826087,0.6,0,1,130.0
9587,ROUPA,A,49.69,2.6666666666666665,2.550537634408602,0.6,0,1,78.0
8274,ROUPA,A,52.17,4.0,3.62550881953867,0.6,0,1,111.0
3405,LOJA DE BRINQUEDOS,C,42.68,1.7410358565737052,1.2409142057723304,4.8,1,4,152.0
5746,PERFUMARIA,A,47.91,2.2857142857142856,1.632728881026095,3.0,0,3,150.0
9582,ROUPA,A,49.69,2.6666666666666665,2.5453763440860215,0.6,0,1,78.0
9586,ROUPA,A,49.69,2.6666666666666665,2.541935483870968,0.6,0,1,78.0
6669,ROUPA,A,54.16,4.0,4.7223796033994345,0.6,0,1,145.0
9581,ROUPA,A,49.69,2.6666666666666665,2.5376344086021505,0.6,0,1,78.0
6913,ROUPA,A,55.84,4.0,4.711764705882353,0.6,0,1,145.0
9583,ROUPA,A,49.69,2.6666666666666665,2.528172043010753,0.6,0,1,78.0
9585,ROUPA,A,49.69,2.6666666666666665,2.523010752688172,0.6,0,1,78.0
7923,ROUPA,A,64.14,4.0,5.923913043478262,0.6,0,1,184.0
7733,ROUPA,A,59.3,4.0,5.150357995226729,0.6,0,1,160.0
8115,ROUPA,A,62.84,3.0,4.921852387843704,0.6,0,1,153.0
6681,ROUPA,A,54.12,4.0,4.046121593291405,0.6,0,1,126.0
9588,ROUPA,A,48.83,2.6666666666666665,2.4991539763113364,0.6,0,1,78.0
4056,COMESTIVEIS,C,35.53,2.043596730245232,1.023646579219737,22.5,0,23,736.0
4059,COMESTIVEIS,C,39.37,1.9343544857768054,1.1822883700743259,30.6,4,27,999.0
6679,ROUPA,A,54.12,4.0,4.020964360587002,0.6,0,1,126.0
9755,ROUPA,A,52.21,2.4,2.387927565392354,3.3,0,4,300.0
5689,PERFUMARIA,A,47.85,2.5,1.9092465753424657,2.1,0,3,180.0
6661,ROUPA,A,54.16,4.0,4.580736543909349,0.6,0,1,145.0
4006,COMESTIVEIS,C,36.9,2.2058823529411766,1.2621856652265426,7.2,0,8,320.0
9681,ROUPA,A,53.76,2.6666666666666665,2.8648648648648654,0.6,0,1,91.0
4239,ACESSORIOS,A,57.12,4.0,5.02066333245591,0.6,0,1,160.0
6665,ROUPA,A,54.16,4.0,4.546742209631729,0.6,0,1,145.0
7523,ROUPA,A,60.53,4.0,5.95636875439831,0.6,0,1,190.0
6662,ROUPA,A,54.16,4.0,4.541076487252125,0.6,0,1,145.0
1076,LOJA DE BRINQUEDOS,A,45.67,2.4347826086956523,1.8740284724894192,3.0,0,3,180.0
4651,LOJA DE BRINQUEDOS,A,72.35,2.5,6.221830985915494,3.9,0,4,800.0
5063,COMESTIVEIS,C,33.38,2.4827586206896552,1.2415089447757324,48.3,0,49,1960.0
9680,ROUPA,A,53.76,2.6666666666666665,2.8177408177408174,0.6,0,1,91.0
727,ACESSORIOS,B,53.41,1.0,0.6177931704247492,0.6,0,1,20.0
706,ACESSORIOS,B,54.99,1.0,0.6177931704247492,0.6,0,1,20.0
725,ACESSORIOS,B,52.34,1.0,0.6177931704247492,0.6,0,1,20.0
730,ACESSORIOS,B,55.99,1.0,0.6177931704247492,0.6,0,1,20.0
631,ACESSORIOS,B,59.57,1.0,0.6177931704247492,0.6,0,1,20.0
789,ACESSORIOS,B,54.99,1.0,0.6177931704247492,0.6,0,1,20.0
628,ACESSORIOS,B,59.57,1.0,0.6177931704247492,0.6,0,1,20.0
640,ACESSORIOS,B,54.99,1.0,0.6177931704247492,0.6,0,1,20.0
743,ACESSORIOS,B,55.99,1.0,0.6177931704247492,0.6,0,1,20.0
742,ACESSORIOS,B,54.99,1.0,0.6177931704247492,0.6,0,1,20.0
636,ACESSORIOS,B,55.99,1.0,0.6177931704247492,0.6,0,1,20.0
573,ACESSORIOS,B,58.67,1.0,0.6177931704247492,0.6,0,1,20.0
653,ACESSORIOS,B,55.99,1.0,0.6177931704247492,0.6,0,1,20.0
655,ACESSORIOS,B,55.99,1.0,0.6177931704247492,0.6,0,1,20.0
749,ACESSORIOS,B,55.99,1.0,0.6177931704247492,0.6,0,1,20.0
602,ACESSORIOS,B,56.38,1.0,0.6177931704247492,0.6,0,1,20.0
750,ACESSORIOS,B,53.34,1.0,0.6177931704247492,0.6,0,1,20.0
769,ACESSORIOS,B,54.99,1.0,0.6177931704247492,0.6,0,1,20.0
770,ACESSORIOS,B,54.99,1.0,0.6177931704247492,0.6,0,1,20.0
771,ACESSORIOS,B,55.99,1.0,0.6177931704247492,0.6,0,1,20.0
768,ACESSORIOS,B,52.34,1.0,0.6177931704247492,0.6,0,1,20.0
635,ACESSORIOS,B,59.57,1.0,0.6177931704247492,0.6,0,1,20.0
797,ACESSORIOS,B,55.99,1.0,0.6177931704247492,0.6,0,1,20.0
778,ACESSORIOS,B,54.99,1.0,0.6177931704247492,0.6,0,1,20.0
817,ACESSORIOS,B,55.95,1.0,0.6177931704247492,0.6,0,1,20.0
774,ACESSORIOS,B,54.99,1.0,0.6177931704247492,0.6,0,1,20.0
7183,ROUPA,A,52.18,4.0,4.010869565217391,0.6,0,1,130.0
6830,ROUPA,A,60.47,4.0,5.852424455375966,0.6,0,1,190.0
6829,ROUPA,A,60.47,4.0,5.835558678847504,0.6,0,1,190.0
2840,PERFUMARIA,B,50.84,1.4666666666666668,1.225801786166251,4.5,4,1,40.0
4019,COMESTIVEIS,C,40.31,2.184696569920844,1.4355557526440654,6.0,0,6,282.0
4733,PERFUMARIA,C,43.51,2.27027027027027,1.4640711120254413,4.5,0,5,240.0
9683,ROUPA,A,53.76,2.6666666666666665,2.774774774774775,0.6,0,1,91.0
6887,ROUPA,A,60.97,4.0,5.966236345580933,0.6,0,1,196.0
9574,ROUPA,A,51.6,4.0,4.190604026845637,0.6,0,1,138.0
6826,ROUPA,A,60.47,4.0,5.756851721714686,0.6,0,1,190.0
4027,COMESTIVEIS,C,33.79,2.3168316831683167,1.209792828022298,8.7,0,9,360.0
5744,PERFUMARIA,B,47.95,2.0370370370370368,1.5069688411287914,4.2,0,5,250.0
7979,ROUPA,A,56.81,4.0,5.028571428571428,0.6,0,1,167.0
6885,ROUPA,A,60.97,4.0,5.892750744786495,0.6,0,1,196.0
6664,ROUPA,A,54.16,4.0,4.339943342776205,0.6,0,1,145.0
4017,COMESTIVEIS,C,37.41,2.142857142857143,1.1351441985244803,5.1,0,6,228.0
4040,COMESTIVEIS,C,39.39,2.146788990825688,1.2802229706189756,7.2,0,8,344.0
9678,ROUPA,A,53.76,2.6666666666666665,2.7082467082467083,0.6,0,1,91.0
6888,ROUPA,A,60.66,4.0,5.812807881773399,0.6,0,1,196.0
9569,ROUPA,A,51.6,4.0,4.091275167785235,0.6,0,1,138.0
6973,ROUPA,A,57.36,2.6666666666666665,3.3096969696969696,0.6,0,1,112.0
7980,ROUPA,A,56.81,4.0,4.902255639097745,0.6,0,1,167.0
8644,ROUPA,B,68.43,1.3333333333333333,2.3736625514403293,3.6,2,2,162.0
88,COMESTIVEIS,C,33.56,2.296382730455076,1.3162339556592764,37.2,0,38,1710.0
7981,ROUPA,A,56.81,4.0,4.881203007518796,0.6,0,1,167.0
6886,ROUPA,A,60.97,4.0,5.721946375372393,0.6,0,1,196.0
7191,ROUPA,A,53.82,2.2857142857142856,2.3607142857142853,5.4,0,6,486.0
7340,ROUPA,A,53.99,4.0,4.205923836389281,0.6,0,1,145.0
6870,ROUPA,A,52.14,4.0,4.056987788331072,0.6,0,1,140.0
4815,PERFUMARIA,C,42.43,2.3855421686746987,1.4483145347346835,4.5,0,5,250.0
7761,ROUPA,A,64.85,4.0,7.066298342541436,0.6,0,1,244.0
8138,ROUPA,A,53.99,4.0,4.188998589562765,0.6,0,1,145.0
6666,ROUPA,A,54.16,4.0,4.1784702549575075,0.6,0,1,145.0
959,LOJA DE BRINQUEDOS,A,41.37,3.1304347826086953,2.0146828225231648,4.5,0,5,350.0
7881,ROUPA,A,59.01,4.0,4.887417218543046,0.6,0,1,170.0
7143,ROUPA,A,61.17,4.0,5.863325740318907,0.6,0,1,204.0
7142,ROUPA,A,61.17,4.0,5.85876993166287,0.6,0,1,204.0
5687,PERFUMARIA,A,47.84,2.6052631578947367,2.0009393900398917,4.5,0,5,350.0
1953,PERFUMARIA,A,56.22,24.0,7.144792655086849,16.8,0,17,4250.0
7766,ROUPA,A,64.84,4.0,6.972375690607735,0.6,0,1,244.0
6835,ROUPA,A,55.51,4.0,4.625954198473282,0.6,0,1,162.0
7144,ROUPA,A,61.17,4.0,5.817767653758542,0.6,0,1,204.0
5795,ACESSORIOS,A,54.17,4.0,3.275822928490352,0.6,0,1,115.0
6667,ROUPA,A,54.16,4.0,4.121813031161474,0.6,0,1,145.0
7252,ROUPA,A,56.84,4.0,4.745864661654135,0.6,0,1,167.0
12095,COMESTIVEIS,A,49.09,2.6999999999999997,2.2710784313725485,8.1,0,9,720.0
7871,ROUPA,A,65.64,4.0,7.144792655086849,0.6,0,1,252.0
6798,ROUPA,A,59.95,4.0,5.721212121212122,0.6,0,1,202.0
4734,PERFUMARIA,C,43.52,2.0842105263157893,1.3571706335903453,4.5,0,5,240.0
6804,ROUPA,A,59.77,4.0,5.691194209891436,0.6,0,1,202.0
7215,ROUPA,A,54.59,4.0,4.701001430615165,0.6,0,1,167.0
6869,ROUPA,A,52.14,4.0,3.9402985074626864,0.6,0,1,140.0
3371,LOJA DE BRINQUEDOS,C,42.45,1.6779661016949152,1.1255130348863722,4.5,1,4,160.0
7768,ROUPA,A,64.84,4.0,6.850828729281768,0.6,0,1,244.0
7540,ROUPA,A,60.96,4.0,5.501489572989077,0.6,0,1,196.0
7530,ROUPA,A,55.51,4.0,4.527808069792803,0.6,0,1,162.0
9092,ROUPA,A,65.67,4.0,7.042071197411003,0.6,0,1,252.0
7214,ROUPA,A,54.59,4.0,4.666666666666667,0.6,0,1,167.0
6803,ROUPA,A,59.76,4.0,5.638118214716526,0.6,0,1,202.0
7959,ROUPA,A,54.56,4.0,4.660000000000001,0.6,0,1,167.0
8228,ROUPA,A,59.79,4.0,5.6352657004830915,0.6,0,1,202.0
5748,PERFUMARIA,B,47.91,1.7777777777777777,1.3938768489852082,3.0,0,3,150.0
7218,ROUPA,A,54.59,4.0,4.6552217453505005,0.6,0,1,167.0
7213,ROUPA,A,54.59,4.0,4.640915593705293,0.6,0,1,167.0
7212,ROUPA,A,54.59,4.0,4.640915593705293,0.6,0,1,167.0
7765,ROUPA,A,64.84,4.0,6.7707182320441985,0.6,0,1,244.0
7208,ROUPA,A,54.59,4.0,4.618025751072961,0.6,0,1,167.0
7217,ROUPA,A,54.59,4.0,4.618025751072961,0.6,0,1,167.0
7210,ROUPA,A,54.59,4.0,4.615164520743921,0.6,0,1,167.0
7216,ROUPA,A,54.59,4.0,4.615164520743921,0.6,0,1,167.0
7211,ROUPA,A,54.59,4.0,4.609442060085836,0.6,0,1,167.0
8304,ROUPA,A,60.63,4.0,5.399606299212598,0.6,0,1,196.0
8288,ROUPA,A,52.1,4.0,3.856368563685637,0.6,0,1,140.0
6663,ROUPA,A,54.16,4.0,3.988668555240793,0.6,0,1,145.0
8307,ROUPA,A,60.63,4.0,5.3858267716535435,0.6,0,1,196.0
7943,ROUPA,A,57.02,4.0,5.151439299123904,0.6,0,1,188.0
7763,ROUPA,A,64.84,4.0,6.668508287292818,0.6,0,1,244.0
6868,ROUPA,A,52.14,4.0,3.823609226594301,0.6,0,1,140.0
8303,ROUPA,A,60.63,4.0,5.3484251968503935,0.6,0,1,196.0
8508,ROUPA,A,65.66,4.0,6.875404530744336,0.6,0,1,252.0
8006,ROUPA,A,51.65,4.0,3.8955823293172687,0.6,0,1,143.0
6799,ROUPA,A,59.95,4.0,5.500606060606061,0.6,0,1,202.0
4025,COMESTIVEIS,C,37.83,2.5899280575539567,1.5242805755395679,6.6,0,7,392.0
6796,ROUPA,A,60.28,4.0,5.987775061124695,0.6,0,1,220.0
8287,ROUPA,A,52.1,4.0,3.8102981029810294,0.6,0,1,140.0
7764,ROUPA,A,64.84,4.0,6.638121546961326,0.6,0,1,244.0
8299,ROUPA,A,60.63,4.0,5.320866141732283,0.6,0,1,196.0
7956,ROUPA,A,54.56,4.0,4.531428571428571,0.6,0,1,167.0
7167,ROUPA,A,59.05,4.0,5.534531693472091,0.6,0,1,204.0
8300,ROUPA,A,60.63,4.0,5.312992125984252,0.6,0,1,196.0
7204,ROUPA,A,57.05,4.0,5.083854818523155,0.6,0,1,188.0
7207,ROUPA,A,53.78,4.0,4.50561797752809,0.6,0,1,167.0
7742,ROUPA,A,61.15,4.0,5.4897494305239185,0.6,0,1,204.0
9198,ROUPA,A,56.98,4.0,4.491704374057315,0.6,0,1,167.0
7529,ROUPA,A,55.51,4.0,4.351145038167939,0.6,0,1,162.0
7617,ROUPA,A,51.57,4.0,4.182815356489945,0.6,0,1,156.0
7616,ROUPA,A,51.57,4.0,4.182815356489945,0.6,0,1,156.0
7219,ROUPA,A,53.78,4.0,4.477528089887641,0.6,0,1,167.0
7941,ROUPA,A,57.02,4.0,5.026282853566958,0.6,0,1,188.0
7615,ROUPA,A,51.57,4.0,4.162705667276051,0.6,0,1,156.0
8506,ROUPA,A,65.66,4.0,6.7135922330097095,0.6,0,1,252.0
9094,ROUPA,A,65.67,4.0,6.710355987055016,0.6,0,1,252.0
3389,LOJA DE BRINQUEDOS,C,38.48,2.282420749279539,1.4052962399872926,5.7,0,6,318.0
8686,ROUPA,A,58.07,4.0,5.081330868761553,0.6,0,1,192.0
7762,ROUPA,A,64.92,4.0,6.456431535269709,0.6,0,1,244.0
9201,ROUPA,A,56.98,4.0,4.407239819004525,0.6,0,1,167.0
6972,ROUPA,A,57.36,2.4,2.953636363636363,0.6,0,1,112.0
7612,ROUPA,A,51.57,4.0,4.113345521023766,0.6,0,1,156.0
7613,ROUPA,A,51.57,4.0,4.104204753199269,0.6,0,1,156.0
7610,ROUPA,A,51.57,4.0,4.095063985374772,0.6,0,1,156.0
6793,ROUPA,A,60.28,4.0,5.771393643031785,0.6,0,1,220.0
6982,ROUPA,A,51.58,4.0,4.084095063985375,0.6,0,1,156.0
8505,ROUPA,A,65.66,4.0,6.588996763754046,0.6,0,1,252.0
7744,ROUPA,A,61.15,4.0,5.314350797266515,0.6,0,1,204.0
9663,ROUPA,A,49.51,2.6666666666666665,2.536231884057971,0.9,0,1,98.0
9747,ROUPA,A,53.41,3.0,2.896713615023474,0.6,0,1,112.0
1428,PERFUMARIA,B,62.86,1.9090909090909092,2.5831697182777043,4.5,1,4,400.0
9563,ROUPA,A,53.12,4.0,4.337155963302752,0.6,0,1,168.0
9635,ROUPA,A,51.61,4.0,4.040123456790123,0.6,0,1,157.0
9665,ROUPA,A,49.51,2.6666666666666665,2.521739130434783,0.9,0,1,98.0
3373,LOJA DE BRINQUEDOS,C,38.52,2.1448467966573816,1.286425547781458,5.4,1,5,250.0
5688,PERFUMARIA,A,47.84,2.3157894736842106,1.8001286835671082,4.2,0,5,350.0
4836,PERFUMARIA,C,38.57,2.294117647058824,1.205257678292556,4.5,0,5,235.0
4015,COMESTIVEIS,C,40.62,1.219672131147541,0.768039674886348,14.4,9,6,180.0
6686,ROUPA,A,65.03,4.0,7.05957108816521,0.6,0,1,276.0
9629,ROUPA,A,52.12,4.0,4.0120481927710845,0.6,0,1,157.0
6850,ROUPA,A,49.86,4.0,3.9818652849740936,0.6,0,1,156.0
8199,ROUPA,A,66.63,4.0,7.144792655086849,0.6,0,1,280.0
8197,ROUPA,A,67.75,4.0,7.144792655086849,0.6,0,1,280.0
6723,ROUPA,A,67.87,4.0,7.144792655086849,0.6,0,1,280.0
9560,ROUPA,A,53.12,4.0,4.28440366972477,0.6,0,1,168.0
4735,PERFUMARIA,C,43.52,1.885714285714286,1.2239793751895665,4.5,0,5,240.0
8067,ROUPA,A,62.8,3.0,4.331887201735357,0.6,0,1,170.0
1031,LOJA DE BRINQUEDOS,C,39.36,2.4,1.52659793814433,2.1,0,3,180.0
4067,COMESTIVEIS,C,35.74,2.235546038543897,1.1938316484902811,10.8,0,11,517.0
7267,ROUPA,A,57.17,4.0,4.91566265060241,0.6,0,1,194.0
7786,ROUPA,A,65.02,4.0,7.144792655086849,0.6,0,1,282.0
9752,ROUPA,B,54.0,1.75,1.8983451536643023,2.4,1,2,150.0
7148,ROUPA,A,58.47,4.0,5.565495207667732,0.6,0,1,220.0
6699,ROUPA,A,59.73,4.0,5.056089743589743,0.6,0,1,200.0
9631,ROUPA,A,50.75,4.0,3.966666666666667,0.6,0,1,157.0
9664,ROUPA,A,49.51,2.6666666666666665,2.4750402576489536,0.9,0,1,98.0
6303,PERFUMARIA,A,51.06,4.0,3.534316217590239,0.6,0,1,140.0
9016,ROUPA,A,49.79,4.0,3.6570796460176997,0.6,0,1,145.0
9183,ROUPA,A,53.8,4.0,4.21067415730337,0.6,0,1,167.0
6847,ROUPA,A,49.86,4.0,3.9015544041450774,0.6,0,1,156.0
9178,ROUPA,A,53.8,4.0,4.168539325842697,0.6,0,1,167.0
4023,COMESTIVEIS,C,37.13,1.3072340425531914,0.7480926379212955,24.6,12,13,390.0
7505,ROUPA,A,59.79,4.0,5.036231884057972,0.6,0,1,202.0
9445,ROUPA,A,52.55,4.0,4.326004548900682,0.6,0,1,174.0
7962,ROUPA,A,53.75,4.0,4.146067415730338,0.6,0,1,167.0
6838,ROUPA,A,49.86,4.0,3.8601036269430056,0.6,0,1,156.0
6843,ROUPA,A,49.86,4.0,3.8601036269430056,0.6,0,1,156.0
6846,ROUPA,A,49.86,4.0,3.860103626943005,0.6,0,1,156.0
7147,ROUPA,A,58.47,4.0,5.437699680511182,0.6,0,1,220.0
8259,ROUPA,A,49.81,4.0,3.852522639068564,0.6,0,1,156.0
5623,PERFUMARIA,B,61.04,1.2793204835021237,0.19746992667251043,29.1,4,26,208.0
5786,ACESSORIOS,A,54.15,4.0,2.1717864598866683,0.6,0,1,88.0
6842,ROUPA,A,49.86,4.0,3.849740932642487,0.6,0,1,156.0
9543,ROUPA,A,51.6,4.0,3.745235707121364,0.6,0,1,152.0
4026,COMESTIVEIS,C,36.82,1.8035363457760314,1.0348306749691987,7.2,2,6,252.0
5060,COMESTIVEIS,B,61.1,2.1041095890410957,2.9566182032103536,34.2,0,35,4200.0
7997,ROUPA,A,57.14,4.0,4.776523702031603,0.6,0,1,194.0
6845,ROUPA,A,49.86,4.0,3.83419689119171,0.6,0,1,156.0
9168,ROUPA,A,53.8,4.0,4.103932584269662,0.6,0,1,167.0
7790,ROUPA,A,65.02,4.0,6.926131850675139,0.6,0,1,282.0
6840,ROUPA,A,49.86,4.0,3.823834196891192,0.6,0,1,156.0
6839,ROUPA,A,49.86,4.0,3.818652849740933,0.6,0,1,156.0
6853,ROUPA,A,49.86,4.0,3.8160621761658033,0.6,0,1,156.0
4060,COMESTIVEIS,C,35.71,2.067510548523207,1.267389272088734,7.2,1,7,364.0
4741,PERFUMARIA,C,44.07,2.0930232558139537,1.3374710237044793,4.5,0,5,275.0
7146,ROUPA,A,58.47,4.0,5.346112886048989,0.6,0,1,220.0
7145,ROUPA,A,58.47,4.0,5.346112886048989,0.6,0,1,220.0
12094,COMESTIVEIS,A,49.09,2.297872340425532,1.939924906132666,5.1,0,6,480.0
7805,ROUPA,A,56.31,4.0,4.626441881100266,0.6,0,1,192.0
9425,ROUPA,A,52.46,4.0,4.192163177670424,0.6,0,1,174.0
7345,ROUPA,A,63.93,4.0,6.732545649838882,0.6,0,1,280.0
4068,COMESTIVEIS,C,36.75,1.7339544513457557,1.0093167701863355,29.7,5,25,1050.0
8561,ROUPA,A,53.78,4.0,4.0,0.6,0,1,167.0
9668,ROUPA,A,49.51,2.6666666666666665,2.3397745571658617,0.9,0,1,98.0
7936,ROUPA,A,57.02,4.0,4.485607008760952,0.6,0,1,188.0
7759,ROUPA,A,60.11,4.0,5.5584958217270195,0.6,0,1,233.0
7996,ROUPA,A,57.14,4.0,4.623024830699775,0.6,0,1,194.0
4020,COMESTIVEIS,C,37.5,1.987261146496815,1.1194904458598727,6.9,0,7,329.0
8597,ROUPA,A,69.91,4.0,7.144792655086849,0.6,0,1,300.0
8264,ROUPA,A,49.81,4.0,3.71280724450194,0.6,0,1,156.0
6867,ROUPA,A,52.14,4.0,3.3242876526458613,0.6,0,1,140.0
7788,ROUPA,A,65.02,4.0,6.692613185067513,0.6,0,1,282.0
7888,ROUPA,A,63.9,4.0,6.68923076923077,0.6,0,1,282.0
9128,ROUPA,A,63.93,4.0,6.687211093990754,0.6,0,1,282.0
9748,ROUPA,A,53.41,3.0,2.649228705566734,0.6,0,1,112.0
7886,ROUPA,A,63.9,4.0,6.664615384615384,0.6,0,1,282.0
4742,PERFUMARIA,A,53.71,2.5714285714285716,2.479212887045432,5.1,0,6,630.0
7342,ROUPA,A,63.93,4.0,6.601503759398496,0.6,0,1,280.0
12136,PERFUMARIA,A,52.35,2.2857142857142856,1.876301541024573,3.0,1,2,160.0
9167,ROUPA,A,53.8,4.0,3.907303370786517,0.6,0,1,167.0
6852,ROUPA,A,49.86,4.0,3.645077720207254,0.6,0,1,156.0
9669,ROUPA,A,49.51,2.6666666666666665,2.2882447665056365,0.9,0,1,98.0
7048,ROUPA,A,65.2,4.0,7.088587390263368,0.6,0,1,305.0
7789,ROUPA,A,65.02,4.0,6.536934074662431,0.6,0,1,282.0
7269,ROUPA,A,57.17,4.0,4.495481927710844,0.6,0,1,194.0
3374,LOJA DE BRINQUEDOS,C,38.55,1.797752808988764,1.087616856881654,5.4,4,2,94.0
8615,ROUPA,A,55.38,4.0,4.85310119695321,0.6,0,1,210.0
11424,LOJA DE BRINQUEDOS,B,45.6,2.111111111111111,1.5249697768985602,5.1,0,6,396.0
9130,ROUPA,A,63.93,4.0,6.510015408320493,0.6,0,1,282.0
6851,ROUPA,A,49.86,4.0,3.5673575129533677,0.6,0,1,156.0
6837,ROUPA,A,49.86,4.0,3.562176165803109,0.6,0,1,156.0
7367,ROUPA,A,63.44,4.0,6.291793313069909,0.6,0,1,276.0
8161,ROUPA,A,63.44,4.0,6.281155015197568,0.6,0,1,276.0
8057,ROUPA,A,46.72,4.0,3.4480874316939887,0.6,0,1,152.0
7344,ROUPA,A,63.93,4.0,6.345864661654135,0.6,0,1,280.0
12122,COMESTIVEIS,B,49.09,2.1492537313432836,1.8047019802946054,5.1,0,6,480.0
6929,ROUPA,A,56.98,4.0,4.7811094452773615,0.6,0,1,212.0
7296,ROUPA,A,55.39,4.0,4.735582154515778,0.6,0,1,210.0
7306,ROUPA,A,46.71,4.0,3.413479052823315,0.6,0,1,152.0
7887,ROUPA,A,63.9,4.0,6.315384615384615,0.6,0,1,282.0
6617,ROUPA,A,46.91,4.0,3.4003656307129804,0.6,0,1,152.0
7787,ROUPA,A,65.02,4.0,6.308181096108021,0.6,0,1,282.0
9129,ROUPA,A,63.93,4.0,6.305084745762712,0.6,0,1,282.0
9580,ROUPA,A,50.36,4.0,3.9335288367546424,0.6,0,1,176.0
9133,ROUPA,A,63.93,4.0,6.297380585516179,0.6,0,1,282.0
9754,ROUPA,B,52.21,1.68,1.6742052313883302,2.4,1,2,150.0
7308,ROUPA,A,46.71,4.0,3.3843351548269576,0.6,0,1,152.0
7343,ROUPA,A,63.93,4.0,6.232008592910848,0.6,0,1,280.0
7346,ROUPA,A,63.93,4.0,6.229860365198711,0.6,0,1,280.0
6855,ROUPA,A,49.86,4.0,3.466321243523316,0.6,0,1,156.0
7159,ROUPA,A,58.16,4.0,5.3276792598303775,0.6,0,1,240.0
9132,ROUPA,A,63.93,4.0,6.257318952234206,0.6,0,1,282.0
8163,ROUPA,A,63.44,4.0,6.1200607902735555,0.6,0,1,276.0
4041,COMESTIVEIS,C,38.84,2.1818181818181817,1.3283950617283948,6.3,0,7,420.0
12121,COMESTIVEIS,B,49.09,2.052631578947368,1.764189886480908,5.1,0,6,480.0
9579,ROUPA,A,50.36,4.0,3.8787878787878785,0.6,0,1,176.0
6808,ROUPA,A,55.05,4.0,4.7105263157894735,0.6,0,1,214.0
7161,ROUPA,A,58.16,4.0,5.267540478026214,0.6,0,1,240.0
7305,ROUPA,A,46.71,4.0,3.331511839708561,0.6,0,1,152.0
9599,ROUPA,A,41.81,4.0,2.5177083333333337,0.6,0,1,115.0
5032,COMESTIVEIS,C,32.01,2.142857142857143,0.8747502497502497,13.2,0,14,560.0
4489,LOJA DE BRINQUEDOS,A,46.34,2.4,1.9681203007518797,2.1,0,3,270.0
8486,ROUPA,A,53.67,4.0,4.371548117154812,0.6,0,1,200.0
7295,ROUPA,A,55.39,4.0,4.58759521218716,0.6,0,1,210.0
8159,ROUPA,A,63.44,4.0,6.021276595744681,0.6,0,1,276.0
8614,ROUPA,A,55.38,4.0,4.578890097932535,0.6,0,1,210.0
6836,ROUPA,A,49.86,4.0,3.3989637305699487,0.6,0,1,156.0
10078,ROUPA,A,53.47,4.0,4.356046654389195,0.6,0,1,200.0
3462,COMESTIVEIS,A,34.52,4.415331010452961,2.176697882783289,55.2,0,56,5600.0
6810,ROUPA,A,55.05,4.0,4.645933014354068,0.6,0,1,214.0
9549,ROUPA,A,50.28,4.0,3.897579143389199,0.6,0,1,180.0
7164,ROUPA,A,58.16,4.0,5.187355435620663,0.6,0,1,240.0
7801,ROUPA,A,56.31,4.0,4.141969831410825,0.6,0,1,192.0
12096,COMESTIVEIS,B,49.09,2.0085836909871246,1.7245084013576817,5.1,0,6,480.0
4833,PERFUMARIA,C,38.57,2.04,1.011976401179941,4.5,0,5,235.0
8162,ROUPA,A,63.44,4.0,5.94224924012158,0.6,0,1,276.0
7669,ROUPA,A,65.19,4.0,6.5634477254589,0.6,0,1,305.0
9526,ROUPA,A,58.59,3.0,3.3532075471698115,0.6,0,1,156.0
12124,COMESTIVEIS,B,49.09,2.0224719101123596,1.719541749283983,5.1,0,6,480.0
7151,ROUPA,A,55.17,4.0,4.767502160760587,0.6,0,1,222.0
7507,ROUPA,A,55.07,4.0,4.588516746411483,0.6,0,1,214.0
5019,COMESTIVEIS,C,32.01,2.084507042253521,0.8574903969270168,12.6,0,13,520.0
9555,ROUPA,A,50.28,4.0,3.8584729981378025,0.6,0,1,180.0
7408,ROUPA,A,63.96,4.0,6.589077887197851,0.6,0,1,310.0
4037,COMESTIVEIS,C,34.6,2.0377358490566038,1.0612127322483076,9.3,0,10,500.0
9505,ROUPA,A,53.88,4.0,3.581383255330213,0.6,0,1,169.0
9134,ROUPA,A,63.93,4.0,5.975346687211094,0.6,0,1,282.0
9604,ROUPA,A,41.81,4.0,2.4364583333333334,0.6,0,1,115.0
4003,COMESTIVEIS,C,33.45,2.1479713603818613,1.055592441724837,6.9,0,7,350.0
8227,ROUPA,A,59.79,3.0,4.263285024154589,0.6,0,1,202.0
9553,ROUPA,A,50.28,4.0,3.7988826815642454,0.6,0,1,180.0
1439,PERFUMARIA,B,62.85,1.554054054054054,2.109531324859792,11.1,3,9,900.0
7150,ROUPA,A,55.17,4.0,4.67761452031115,0.6,0,1,222.0
3494,COMESTIVEIS,C,39.72,2.0970873786407767,1.2604730998229898,5.1,0,6,360.0
7406,ROUPA,A,62.35,4.0,6.336531365313653,0.6,0,1,302.0
9017,ROUPA,A,55.18,4.0,4.657439446366782,0.6,0,1,222.0
7403,ROUPA,A,62.35,4.0,6.3261992619926195,0.6,0,1,302.0
7162,ROUPA,A,58.16,4.0,5.022359290670779,0.6,0,1,240.0
8036,ROUPA,A,55.79,4.0,4.991206030150754,0.6,0,1,239.0
7407,ROUPA,A,63.96,4.0,6.465532676812892,0.6,0,1,310.0
6806,ROUPA,A,55.05,4.0,4.454545454545454,0.6,0,1,214.0
8060,ROUPA,A,46.72,4.0,3.158469945355191,0.6,0,1,152.0
9552,ROUPA,A,50.28,4.0,3.7392923649906886,0.6,0,1,180.0
9131,ROUPA,A,63.93,4.0,5.8459167950693365,0.6,0,1,282.0
6920,ROUPA,A,64.51,4.0,7.089201877934272,0.6,0,1,342.0
7163,ROUPA,A,58.16,4.0,4.9699306090979185,0.6,0,1,240.0
4574,LOJA DE BRINQUEDOS,C,43.92,2.3333333333333335,1.653308384011643,4.2,1,4,320.0
4846,PERFUMARIA,C,33.34,2.057142857142857,0.8679495686794957,4.5,0,5,210.0
5031,COMESTIVEIS,C,32.01,2.0056899004267423,0.8257691810323389,12.9,0,13,520.0
8040,ROUPA,A,55.79,4.0,4.927135678391959,0.6,0,1,239.0
8047,ROUPA,A,55.79,4.0,4.927135678391959,0.6,0,1,239.0
4723,PERFUMARIA,C,44.24,2.347826086956522,1.566579634464752,4.5,0,5,380.0
8694,ROUPA,A,63.95,4.0,6.363148479427549,0.6,0,1,310.0
10077,ROUPA,A,53.48,4.0,4.087223587223587,0.6,0,1,200.0
7225,ROUPA,A,61.41,6.0,7.144792655086849,0.6,0,1,350.0
8045,ROUPA,A,55.79,4.0,4.876884422110553,0.6,0,1,239.0
7149,ROUPA,A,48.16,4.0,3.6416040100250626,0.6,0,1,179.0
6919,ROUPA,A,64.51,4.0,6.935837245696401,0.6,0,1,342.0
4022,COMESTIVEIS,C,38.85,2.0463157894736845,1.2360828300258846,6.9,0,7,427.0
8698,ROUPA,A,63.95,4.0,6.280858676207513,0.6,0,1,310.0
7405,ROUPA,A,62.35,4.0,6.115129151291512,0.6,0,1,302.0
11425,LOJA DE BRINQUEDOS,C,41.46,2.0583333333333336,1.2741884402216945,7.8,2,6,378.0
4070,COMESTIVEIS,C,36.3,2.1517671517671517,1.1527324027324028,25.5,0,26,1482.0
7820,ROUPA,A,58.13,4.0,4.852080123266564,0.6,0,1,240.0
7409,ROUPA,A,63.96,4.0,6.26499552372426,0.6,0,1,310.0
8613,ROUPA,A,55.77,4.0,4.8216080402010055,0.6,0,1,239.0
9726,ROUPA,A,49.44,4.0,3.7504976775049768,0.6,0,1,186.0
8699,ROUPA,A,63.95,4.0,6.24865831842576,0.6,0,1,310.0
3366,LOJA DE BRINQUEDOS,C,38.41,1.9875776397515525,1.2090663718253065,5.1,4,2,120.0
8052,ROUPA,A,46.72,4.0,3.054644808743169,0.6,0,1,152.0
7404,ROUPA,A,62.35,4.0,6.066420664206642,0.6,0,1,302.0
7574,ROUPA,A,64.51,4.0,6.859154929577465,0.6,0,1,342.0
8695,ROUPA,A,63.95,4.0,6.205724508050089,0.6,0,1,310.0
7709,ROUPA,C,22.66,4.0,1.1608832807570977,0.9,0,1,58.0
7571,ROUPA,A,64.51,4.0,6.841940532081377,0.6,0,1,342.0
7157,ROUPA,A,58.16,4.0,4.79414032382421,0.6,0,1,240.0
8046,ROUPA,A,55.79,4.0,4.7701005025125625,0.6,0,1,239.0
8055,ROUPA,A,46.72,4.0,3.0309653916211294,0.6,0,1,152.0
6964,ROUPA,A,66.44,4.0,7.144792655086849,0.6,0,1,360.0
9566,ROUPA,A,51.57,2.6666666666666665,2.734584450402145,0.6,0,1,138.0
8053,ROUPA,A,46.72,4.0,3.007285974499089,0.6,0,1,152.0
6924,ROUPA,A,64.51,4.0,6.762128325508607,0.6,0,1,342.0
4491,LOJA DE BRINQUEDOS,A,46.34,2.4,1.7774436090225565,2.1,0,3,270.0
7402,ROUPA,A,62.35,4.0,5.9512915129151285,0.6,0,1,302.0
8056,ROUPA,A,46.72,4.0,2.9945355191256833,0.6,0,1,152.0
9684,ROUPA,A,51.48,2.6666666666666665,2.712712712712713,0.6,0,1,138.0
8059,ROUPA,A,46.72,4.0,2.9872495446265934,0.6,0,1,152.0
9548,ROUPA,A,50.28,4.0,3.537243947858473,0.6,0,1,180.0
8834,ROUPA,A,64.48,4.0,6.714620797498045,0.6,0,1,342.0
9503,ROUPA,A,53.88,4.0,3.3135725429017158,0.6,0,1,169.0
8054,ROUPA,A,46.72,4.0,2.978142076502732,0.6,0,1,152.0
7307,ROUPA,A,46.71,4.0,2.978142076502732,0.6,0,1,152.0
6923,ROUPA,A,64.51,4.0,6.697965571205008,0.6,0,1,342.0
4561,LOJA DE BRINQUEDOS,A,44.06,4.0,3.1256038647342996,0.6,0,1,160.0
8038,ROUPA,A,55.79,4.0,4.655778894472362,0.6,0,1,239.0
9685,ROUPA,A,51.48,2.6666666666666665,2.6860193526860194,0.6,0,1,138.0
1955,PERFUMARIA,A,56.22,4.9411764705882355,4.8516242317822655,24.6,0,25,6250.0
7778,ROUPA,A,48.13,4.0,3.471839799749687,0.6,0,1,179.0
7572,ROUPA,A,64.51,4.0,6.624413145539906,0.6,0,1,342.0
7361,ROUPA,A,53.44,4.0,4.025026068821689,0.6,0,1,208.0
9640,ROUPA,A,50.66,4.0,3.7330960854092528,0.6,0,1,193.0
7955,ROUPA,A,53.74,3.0,3.2275280898876404,0.6,0,1,167.0
8044,ROUPA,A,55.79,4.0,4.605527638190955,0.6,0,1,239.0
1064,LOJA DE BRINQUEDOS,B,45.63,1.8,1.3479646017699114,3.3,1,3,210.0
7862,ROUPA,A,46.75,4.0,3.3682926829268296,0.6,0,1,175.0
6922,ROUPA,A,64.51,4.0,6.580594679186229,0.6,0,1,342.0
9474,ROUPA,A,55.5,4.0,3.3437674678591387,0.6,0,1,174.0
4739,PERFUMARIA,C,44.25,2.1758241758241756,1.436066610765406,4.5,0,5,375.0
9573,ROUPA,A,51.57,2.6666666666666665,2.63449508489723,0.6,0,1,138.0
7573,ROUPA,A,64.51,4.0,6.507042253521127,0.6,0,1,342.0
3387,LOJA DE BRINQUEDOS,C,40.62,1.7610208816705335,1.1374709976798143,5.7,3,3,180.0
8058,ROUPA,A,46.72,4.0,2.879781420765027,0.6,0,1,152.0
9686,ROUPA,A,51.48,2.6666666666666665,2.609275942609276,0.6,0,1,138.0
4835,PERFUMARIA,C,30.71,2.376237623762376,0.8834849002141593,4.5,0,5,235.0
9012,ROUPA,A,60.13,3.0,4.379790940766551,0.6,0,1,233.0
9556,ROUPA,A,53.13,3.0,3.1367545871559632,0.6,0,1,168.0
7867,ROUPA,A,46.75,4.0,3.258536585365854,0.6,0,1,175.0
8340,ROUPA,A,64.48,4.0,6.3565285379202505,0.6,0,1,342.0
397,COMESTIVEIS,A,45.2,2.375366568914956,1.8508850020946794,23.1,0,24,2400.0
9687,ROUPA,A,51.48,2.6666666666666665,2.5498832165498833,0.6,0,1,138.0
8807,ROUPA,A,48.44,3.0,2.5842105263157893,0.6,0,1,140.0
3496,COMESTIVEIS,C,35.01,2.205607476635514,1.104960460100647,12.9,1,12,720.0
9014,ROUPA,A,60.13,3.0,4.286411149825785,0.6,0,1,233.0
9471,ROUPA,A,53.65,4.0,3.1980676328502415,0.6,0,1,174.0
6921,ROUPA,A,64.51,4.0,6.283255086071987,0.6,0,1,342.0
4834,PERFUMARIA,C,30.71,2.347826086956522,0.8598882376993322,4.5,0,5,235.0
7864,ROUPA,A,46.75,4.0,3.1878048780487807,0.6,0,1,175.0
9015,ROUPA,A,60.13,3.0,4.239024390243903,0.6,0,1,233.0
4802,PERFUMARIA,C,40.56,2.0689655172413794,1.162326102723017,4.5,0,5,320.0
9603,ROUPA,A,41.81,3.0,2.080078125,0.6,0,1,115.0
9424,ROUPA,A,52.46,4.0,3.1411701556629095,0.6,0,1,174.0
366,COMESTIVEIS,A,39.61,3.1316725978647684,1.9852567361464157,56.7,0,57,6270.0
9537,ROUPA,A,51.6,2.6666666666666665,2.73420260782347,0.6,0,1,152.0
2786,COMESTIVEIS,A,47.62,2.7660723933009184,2.3718247536724033,38.1,0,39,5148.0
3491,COMESTIVEIS,B,52.8,2.1926105525402617,2.329517703361964,45.9,2,44,5720.0
7526,ROUPA,A,57.37,4.0,5.18957654723127,0.6,0,1,290.0
6093,PERFUMARIA,B,58.92,1.8623103850641773,2.145468689225982,15.3,3,13,1560.0
5195,PERFUMARIA,A,50.79,6.0,4.902971925290732,2.4,0,3,828.0
5172,PERFUMARIA,A,50.8,6.0,4.81390977443609,2.7,0,3,813.0
114,COMESTIVEIS,C,39.1,1.781309478492577,0.8868859212289658,27.9,1,27,1350.0
7863,ROUPA,A,46.75,4.0,3.102439024390244,0.6,0,1,175.0
1037,LOJA DE BRINQUEDOS,B,48.54,1.4285714285714286,1.2395193591455276,4.2,3,2,140.0
9538,ROUPA,A,51.6,2.6666666666666665,2.6907388833166164,0.6,0,1,152.0
9372,ROUPA,A,53.5,4.0,3.538648813146683,0.6,0,1,200.0
5024,COMESTIVEIS,C,32.01,1.730081300813008,0.7047359144920119,12.3,4,9,360.0
9542,ROUPA,A,51.6,2.6666666666666665,2.6726847208291535,0.6,0,1,152.0
7870,ROUPA,A,46.75,4.0,3.075609756097561,0.6,0,1,175.0
5020,COMESTIVEIS,C,32.01,1.7557535263548627,0.700850374569751,12.6,4,9,360.0
1954,PERFUMARIA,A,56.22,4.4523809523809526,4.376154939587776,16.5,0,17,4250.0
7621,ROUPA,A,55.51,4.0,5.052918712493181,0.6,0,1,289.0
9627,ROUPA,A,52.12,2.6666666666666665,2.7429718875502007,0.6,0,1,157.0
10122,ROUPA,A,47.83,4.0,3.486511627906977,0.6,0,1,200.0
8338,ROUPA,A,66.39,4.0,7.144792655086849,0.6,0,1,410.0
7570,ROUPA,A,66.42,4.0,7.144792655086849,0.6,0,1,410.0
7569,ROUPA,A,66.42,4.0,7.144792655086849,0.6,0,1,410.0
7958,ROUPA,A,53.74,3.0,2.9101123595505616,0.6,0,1,167.0
8687,ROUPA,A,58.07,2.6666666666666665,3.3456561922365986,0.6,0,1,192.0
9519,ROUPA,A,48.9,2.6666666666666665,2.0905496243574535,0.6,0,1,120.0
4029,COMESTIVEIS,C,36.85,2.011173184357542,1.044398706262864,5.1,0,6,360.0
9539,ROUPA,A,51.6,2.6666666666666665,2.641925777331996,0.6,0,1,152.0
4021,COMESTIVEIS,C,34.37,2.306049822064057,1.2143675734362749,5.1,0,6,420.0
7241,ROUPA,A,61.41,4.0,6.063545150501673,0.6,0,1,350.0
9634,ROUPA,A,51.61,2.6666666666666665,2.707818930041152,0.6,0,1,157.0
7869,ROUPA,A,46.75,4.0,3.0170731707317078,0.6,0,1,175.0
8123,ROUPA,A,50.42,4.0,4.0340760157273925,0.6,0,1,234.0
9636,ROUPA,A,51.61,2.6666666666666665,2.6975308641975304,0.6,0,1,157.0
1038,LOJA DE BRINQUEDOS,C,39.35,2.2857142857142856,1.3733719247467435,4.5,0,5,400.0
7243,ROUPA,A,61.41,4.0,6.005016722408026,0.6,0,1,350.0
7236,ROUPA,A,61.41,4.0,5.989966555183946,0.6,0,1,350.0
7235,ROUPA,A,61.41,4.0,5.988294314381271,0.6,0,1,350.0
9630,ROUPA,A,51.61,2.6666666666666665,2.67798353909465,0.6,0,1,157.0
7860,ROUPA,C,38.37,2.0,1.1400000000000001,4.2,1,4,268.0
7957,ROUPA,A,53.74,2.6666666666666665,2.838014981273408,0.6,0,1,167.0
6903,ROUPA,A,50.86,4.0,3.804444444444444,0.6,0,1,224.0
7245,ROUPA,A,61.41,4.0,5.94314381270903,0.6,0,1,350.0
6904,ROUPA,A,50.86,4.0,3.7955555555555556,0.6,0,1,224.0
935,LOJA DE BRINQUEDOS,A,45.35,3.2,2.369014084507042,3.6,0,4,560.0
9013,ROUPA,A,60.13,3.0,3.9358885017421605,0.6,0,1,233.0
9628,ROUPA,A,52.12,2.6666666666666665,2.650602409638554,0.6,0,1,157.0
9540,ROUPA,A,51.6,2.6666666666666665,2.565697091273821,0.6,0,1,152.0
1035,LOJA DE BRINQUEDOS,C,39.15,1.9411764705882353,1.179417658847106,4.2,1,4,280.0
6902,ROUPA,A,50.86,4.0,3.7718518518518516,0.6,0,1,224.0
9746,ROUPA,A,53.42,2.6666666666666665,1.8824055443773748,0.6,0,1,112.0
7478,ROUPA,C,42.12,1.0,0.6177931704247492,0.6,0,1,37.0
3260,PERFUMARIA,A,51.6,4.761904761904762,4.170338028725527,5.4,0,6,1500.0
7262,ROUPA,A,68.54,4.0,7.144792655086849,0.6,0,1,430.0
7263,ROUPA,A,68.54,4.0,7.144792655086849,0.6,0,1,430.0
2781,COMESTIVEIS,C,36.07,2.5208333333333335,1.3290006038647344,27.3,1,27,2160.0
10095,ROUPA,A,47.0,4.0,3.3195380173243505,0.6,0,1,200.0
7320,ROUPA,A,61.59,4.0,5.907447577729574,0.6,0,1,356.0
7964,ROUPA,A,53.74,2.6666666666666665,2.767790262172285,0.6,0,1,167.0
9697,ROUPA,A,50.3,4.0,3.8117647058823527,0.6,0,1,230.0
2783,COMESTIVEIS,C,44.27,2.2964006259780905,1.6537722676712303,58.5,1,58,5800.0
5009,COMESTIVEIS,C,34.27,1.4,0.6593183466279913,29.4,11,19,760.0
7271,ROUPA,A,57.16,2.6666666666666665,3.1927710843373496,0.6,0,1,194.0
7961,ROUPA,A,53.74,2.6666666666666665,2.74625468164794,0.6,0,1,167.0
6443,PERFUMARIA,A,74.21,2.1119999999999997,4.925253576072821,12.6,0,13,3900.0
6651,ROUPA,A,50.61,4.0,3.8055190538764783,0.6,0,1,234.0
9626,ROUPA,A,52.12,2.6666666666666665,2.5528781793842032,0.6,0,1,157.0
7260,ROUPA,A,61.64,3.0,4.552565180824222,0.6,0,1,280.0
9632,ROUPA,A,50.72,2.6666666666666665,2.5525252525252533,0.6,0,1,157.0
4384,ACESSORIOS,B,56.94,1.0,0.6177931704247492,0.6,0,1,38.0
4362,ACESSORIOS,B,56.93,1.0,0.6177931704247492,0.6,0,1,38.0
4387,ACESSORIOS,B,56.91,1.0,0.6177931704247492,0.6,0,1,38.0
4398,ACESSORIOS,B,57.33,1.0,0.6177931704247492,0.6,0,1,38.0
4390,ACESSORIOS,B,56.91,1.0,0.6177931704247492,0.6,0,1,38.0
4386,ACESSORIOS,B,57.03,1.0,0.6177931704247492,0.6,0,1,38.0
4203,ACESSORIOS,B,56.91,1.0,0.6177931704247492,0.6,0,1,38.0
4202,ACESSORIOS,B,56.87,1.0,0.6177931704247492,0.6,0,1,38.0
4395,ACESSORIOS,B,57.21,1.0,0.6177931704247492,0.6,0,1,38.0
4198,ACESSORIOS,B,57.27,1.0,0.6177931704247492,0.6,0,1,38.0
4454,ACESSORIOS,B,57.25,1.0,0.6177931704247492,0.6,0,1,38.0
4389,ACESSORIOS,B,56.91,1.0,0.6177931704247492,0.6,0,1,38.0
4388,ACESSORIOS,B,56.91,1.0,0.6177931704247492,0.6,0,1,38.0
9692,ROUPA,A,51.2,4.0,3.734042553191489,0.6,0,1,230.0
9561,ROUPA,A,53.13,2.6666666666666665,2.7171253822629966,0.6,0,1,168.0
9454,ROUPA,A,53.15,3.0,2.8093702579666164,0.6,0,1,174.0
9321,ROUPA,A,49.38,4.0,2.99867374005305,0.6,0,1,186.0
3733,PERFUMARIA,A,44.31,2.6666666666666665,1.7733095025320227,2.1,0,3,330.0
6905,ROUPA,A,50.86,4.0,3.609876543209876,0.6,0,1,224.0
9602,ROUPA,A,41.81,2.6666666666666665,1.8520833333333335,0.6,0,1,115.0
7255,ROUPA,A,61.64,3.0,4.505466778805719,0.6,0,1,280.0
4817,PERFUMARIA,C,33.33,2.7096774193548385,1.1418293330188123,4.5,0,5,355.0
9557,ROUPA,A,53.13,2.6666666666666665,2.6995412844036695,0.6,0,1,168.0
9591,ROUPA,A,41.81,2.6666666666666665,1.8399305555555558,0.6,0,1,115.0
4046,COMESTIVEIS,C,34.29,2.050113895216401,1.0380983846006713,6.9,0,7,455.0
3259,PERFUMARIA,A,60.71,4.186046511627906,5.109383639616198,12.6,0,13,4160.0
8124,ROUPA,A,50.42,4.0,3.7352555701179555,0.6,0,1,234.0
7257,ROUPA,A,61.64,3.0,4.455845248107653,0.6,0,1,280.0
5025,COMESTIVEIS,C,25.67,2.1309328968903434,0.6359950060850224,10.8,0,11,440.0
9601,ROUPA,A,41.81,2.6666666666666665,1.8281250000000004,0.6,0,1,115.0
396,COMESTIVEIS,B,45.2,2.023429179978701,1.5892751491793025,16.8,0,17,1700.0
9559,ROUPA,A,53.13,2.6666666666666665,2.6674311926605503,0.6,0,1,168.0
6769,ROUPA,A,73.51,4.0,7.144792655086849,0.6,0,1,450.0
6763,ROUPA,A,73.51,4.0,7.144792655086849,0.6,0,1,450.0
6767,ROUPA,A,73.51,4.0,7.144792655086849,0.6,0,1,450.0
8948,ROUPA,A,54.49,4.0,4.472727272727273,0.6,0,1,282.0
7256,ROUPA,A,61.64,3.0,4.438183347350715,0.6,0,1,280.0
9598,ROUPA,A,41.81,2.6666666666666665,1.8225694444444447,0.6,0,1,115.0
7259,ROUPA,A,61.64,3.0,4.417998317914214,0.6,0,1,280.0
9592,ROUPA,A,41.81,2.6666666666666665,1.8114583333333336,0.6,0,1,115.0
1684,PERFUMARIA,B,45.85,1.864406779661017,1.4167189788658716,6.3,0,7,630.0
6901,ROUPA,A,50.86,4.0,3.5229629629629633,0.6,0,1,224.0
4066,COMESTIVEIS,C,34.6,2.26369168356998,1.1755260672313148,12.0,0,12,900.0
8607,ROUPA,A,57.85,4.0,5.4308755760368665,0.6,0,1,347.0
8955,ROUPA,A,54.49,4.0,4.412648221343874,0.6,0,1,282.0
9716,ROUPA,A,50.46,4.0,2.8441734417344176,0.6,0,1,182.0
3465,COMESTIVEIS,A,34.52,3.4133844127858257,1.5600577984793098,98.1,0,99,9900.0
6940,ROUPA,A,55.77,4.0,4.522417153996102,0.6,0,1,290.0
8946,ROUPA,A,54.49,4.0,4.381027667984189,0.6,0,1,282.0
12181,PERFUMARIA,B,55.76,1.083984375,1.0830393145161292,16.2,0,17,1190.0
7285,ROUPA,A,57.86,4.0,5.367511520737327,0.6,0,1,347.0
9798,ACESSORIOS,B,53.74,1.0,0.6177931704247492,0.6,0,1,40.0
532,ACESSORIOS,B,51.17,1.0,0.6177931704247492,0.6,0,1,40.0
4356,ACESSORIOS,B,57.18,1.0,0.6177931704247492,0.6,0,1,40.0
537,ACESSORIOS,B,51.17,1.0,0.6177931704247492,0.6,0,1,40.0
538,ACESSORIOS,B,54.08,1.0,0.6177931704247492,0.6,0,1,40.0
4321,ACESSORIOS,B,57.11,1.0,0.6177931704247492,0.6,0,1,40.0
4322,ACESSORIOS,B,57.13,1.0,0.6177931704247492,0.6,0,1,40.0
4413,ACESSORIOS,B,57.13,1.0,0.6177931704247492,0.6,0,1,40.0
535,ACESSORIOS,B,51.17,1.0,0.6177931704247492,0.6,0,1,40.0
527,ACESSORIOS,B,54.47,1.0,0.6177931704247492,0.6,0,1,40.0
531,ACESSORIOS,B,51.17,1.0,0.6177931704247492,0.6,0,1,40.0
4455,ACESSORIOS,B,57.1,1.0,0.6177931704247492,0.6,0,1,40.0
4415,ACESSORIOS,B,56.94,1.0,0.6177931704247492,0.6,0,1,40.0
505,ACESSORIOS,B,58.8,1.0,0.6177931704247492,0.6,0,1,40.0
4417,ACESSORIOS,B,56.84,1.0,0.6177931704247492,0.6,0,1,40.0
4382,ACESSORIOS,B,57.03,1.0,0.6177931704247492,0.6,0,1,40.0
526,ACESSORIOS,B,59.46,1.0,0.6177931704247492,0.6,0,1,40.0
522,ACESSORIOS,B,49.13,1.0,0.6177931704247492,0.6,0,1,40.0
524,ACESSORIOS,B,53.74,1.0,0.6177931704247492,0.6,0,1,40.0
4408,ACESSORIOS,B,57.06,1.0,0.6177931704247492,0.6,0,1,40.0
500,ACESSORIOS,B,58.56,1.0,0.6177931704247492,0.6,0,1,40.0
4416,ACESSORIOS,B,56.85,1.0,0.6177931704247492,0.6,0,1,40.0
4360,ACESSORIOS,B,56.96,1.0,0.6177931704247492,0.6,0,1,40.0
6603,PERFUMARIA,C,40.12,2.3157894736842106,1.2349509908374174,4.5,0,5,400.0
9593,ROUPA,A,41.81,2.6666666666666665,1.7722222222222224,0.6,0,1,115.0
5021,COMESTIVEIS,C,32.01,1.5045385779122542,0.6146678586164214,12.3,9,4,160.0
8537,ROUPA,A,52.09,4.0,4.177993527508091,0.6,0,1,272.0
2784,COMESTIVEIS,C,35.34,2.4427480916030535,1.1808714356916137,47.4,0,48,3696.0
8609,ROUPA,A,57.85,4.0,5.306451612903226,0.6,0,1,347.0
7330,ROUPA,A,50.42,4.0,3.577981651376147,0.6,0,1,234.0
1951,PERFUMARIA,A,56.22,3.8953974895397487,3.8206457253481547,26.7,2,25,6250.0
2768,COMESTIVEIS,B,50.69,1.957865811770094,1.8315503278429448,42.3,6,37,4440.0
12260,COMESTIVEIS,B,49.65,1.8010994502748625,1.5238983561654287,17.7,8,10,1000.0
8950,ROUPA,A,54.49,4.0,4.289328063241107,0.6,0,1,282.0
9637,ROUPA,A,51.61,2.4,2.3879629629629626,0.6,0,1,157.0
9545,ROUPA,A,51.6,2.4,2.3085255767301907,0.6,0,1,152.0
9104,ROUPA,A,61.62,4.0,5.756874095513748,0.6,0,1,380.0
8952,ROUPA,A,54.49,4.0,4.267193675889328,0.6,0,1,282.0
9577,ROUPA,A,50.36,2.6666666666666665,2.649071358748778,0.6,0,1,176.0
9101,ROUPA,A,61.62,4.0,5.716353111432706,0.6,0,1,380.0
7021,ROUPA,C,35.05,2.6666666666666665,1.4721701063164476,0.9,0,1,98.0
8954,ROUPA,A,54.49,4.0,4.232411067193675,0.6,0,1,282.0
7882,ROUPA,A,52.05,4.0,4.072756669361358,0.6,0,1,272.0
8949,ROUPA,A,54.49,4.0,4.219762845849802,0.6,0,1,282.0
9578,ROUPA,A,50.36,2.6666666666666665,2.621700879765396,0.6,0,1,176.0
6649,ROUPA,A,50.61,4.0,3.4822601839684624,0.6,0,1,234.0
9102,ROUPA,A,61.62,4.0,5.642547033285093,0.6,0,1,380.0
9576,ROUPA,A,50.36,2.6666666666666665,2.60475724991854,0.6,0,1,176.0
7286,ROUPA,A,62.46,4.0,6.361653272101032,0.6,0,1,430.0
7022,ROUPA,C,35.05,2.6666666666666665,1.4496560350218886,0.9,0,1,98.0
7251,ROUPA,A,62.44,4.0,6.223367697594501,0.6,0,1,422.0
6719,ROUPA,A,52.42,4.0,3.97557003257329,0.6,0,1,270.0
8033,ROUPA,A,62.46,4.0,6.3203214695752,0.6,0,1,430.0
8947,ROUPA,A,54.49,4.0,4.137549407114625,0.6,0,1,282.0
9551,ROUPA,A,50.28,2.6666666666666665,2.6393544382371195,0.6,0,1,180.0
9595,ROUPA,A,41.81,2.6666666666666665,1.6861111111111113,0.6,0,1,115.0
7883,ROUPA,A,52.05,4.0,3.9870654810024253,0.6,0,1,272.0
8026,ROUPA,A,57.86,4.0,5.073732718894009,0.6,0,1,347.0
4036,COMESTIVEIS,C,34.29,1.9078341013824884,0.9482534210433743,6.0,0,6,390.0
7254,ROUPA,A,72.36,4.0,7.144792655086849,0.6,0,1,490.0
7415,ROUPA,A,71.48,4.0,7.144792655086849,0.6,0,1,490.0
8187,ROUPA,A,71.48,4.0,7.144792655086849,0.6,0,1,490.0
8189,ROUPA,A,71.48,4.0,7.144792655086849,0.6,0,1,490.0
7423,ROUPA,A,71.48,4.0,7.144792655086849,0.6,0,1,490.0
7424,ROUPA,A,71.48,4.0,7.144792655086849,0.6,0,1,490.0
7413,ROUPA,A,71.48,4.0,7.144792655086849,0.6,0,1,490.0
7414,ROUPA,A,71.48,4.0,7.144792655086849,0.6,0,1,490.0
7419,ROUPA,A,71.48,4.0,7.144792655086849,0.6,0,1,490.0
7422,ROUPA,A,71.48,4.0,7.144792655086849,0.6,0,1,490.0
9205,ROUPA,A,72.45,4.0,7.144792655086849,0.6,0,1,490.0
8580,ROUPA,A,72.36,4.0,7.144792655086849,0.6,0,1,490.0
6705,ROUPA,A,71.59,4.0,7.144792655086849,0.6,0,1,490.0
6704,ROUPA,A,71.59,4.0,7.144792655086849,0.6,0,1,490.0
8188,ROUPA,A,71.48,4.0,7.144792655086849,0.6,0,1,490.0
7253,ROUPA,A,72.36,4.0,7.144792655086849,0.6,0,1,490.0
7091,ROUPA,C,22.69,2.6666666666666665,0.843322818086225,0.9,0,1,58.0
8471,ROUPA,A,57.63,3.0,3.6413540713632204,0.6,0,1,251.0
9547,ROUPA,A,50.28,2.6666666666666665,2.6095592799503415,0.6,0,1,180.0
4769,PERFUMARIA,A,44.73,2.3076923076923075,1.5060015879688013,2.1,0,3,312.0
8029,ROUPA,A,62.46,4.0,6.222732491389207,0.6,0,1,430.0
9719,ROUPA,A,47.38,3.0,2.629464285714286,0.6,0,1,182.0
6720,ROUPA,A,52.42,4.0,3.9006514657980462,0.6,0,1,270.0
3489,COMESTIVEIS,B,52.8,1.7631930152790771,1.8705703613770412,48.9,2,47,6110.0
2757,COMESTIVEIS,C,42.6,2.10079575596817,1.436244523589545,9.9,0,10,1000.0
8031,ROUPA,A,62.46,4.0,6.173363949483352,0.6,0,1,430.0
7020,ROUPA,C,35.05,2.6666666666666665,1.4046278924327704,0.9,0,1,98.0
1905,PERFUMARIA,A,99.27,1.8493150684931507,7.144792655086849,13.2,1,13,6500.0
6916,ROUPA,A,57.48,4.0,4.845830833833233,0.6,0,1,340.0
9550,ROUPA,A,50.28,2.6666666666666665,2.564866542520174,0.6,0,1,180.0
5026,COMESTIVEIS,C,25.67,1.8593389700230591,0.5692760992530401,13.2,1,13,520.0
8612,ROUPA,A,62.45,4.0,6.1055651176133106,0.6,0,1,430.0
4765,PERFUMARIA,B,44.87,1.8333333333333333,1.0774647887323945,4.2,1,4,304.0
6811,ROUPA,A,46.43,4.0,3.398843930635838,0.6,0,1,241.0
5036,COMESTIVEIS,C,31.67,2.4780976220275344,1.2687658353429594,49.5,0,50,4500.0
8538,ROUPA,A,52.09,4.0,3.828478964401294,0.6,0,1,272.0
9120,ROUPA,A,59.99,4.0,5.639008620689656,0.6,0,1,401.0
4061,COMESTIVEIS,C,39.9,2.308617234468938,1.474949899799599,34.2,0,35,3675.0
3488,COMESTIVEIS,B,52.8,1.7573905413174375,1.8257464898992661,51.3,0,52,6760.0
8032,ROUPA,A,62.46,4.0,6.0298507462686555,0.6,0,1,430.0
8611,ROUPA,A,62.45,4.0,6.013769363166953,0.6,0,1,430.0
6966,ROUPA,A,66.44,2.6666666666666665,5.028868360277136,0.6,0,1,360.0
9504,ROUPA,A,53.88,4.0,2.3582943317732705,0.6,0,1,169.0
8030,ROUPA,A,62.46,4.0,5.995407577497129,0.6,0,1,430.0
8028,ROUPA,A,62.46,4.0,5.9816303099885175,0.6,0,1,430.0
10285,ROUPA,A,46.9,4.0,3.1946179721287846,0.6,0,1,230.0
8035,ROUPA,A,62.46,4.0,5.958668197474167,0.6,0,1,430.0
6812,ROUPA,A,46.43,4.0,3.3344343517753927,0.6,0,1,241.0
7088,ROUPA,A,48.1,4.0,3.5587321317588567,0.6,0,1,258.0
2753,COMESTIVEIS,B,47.03,2.075859624246721,1.6536614684950983,17.7,1,17,2040.0
9456,ROUPA,A,53.15,4.0,2.3955488113302983,0.6,0,1,174.0
7348,ROUPA,A,63.93,2.4,3.8506981740064443,0.6,0,1,280.0
9596,ROUPA,A,41.81,2.6666666666666665,1.5802083333333334,0.6,0,1,115.0
4354,ACESSORIOS,B,57.15,1.0,0.6177931704247492,0.6,0,1,45.0
4284,ACESSORIOS,B,57.32,1.0,0.6177931704247492,0.6,0,1,45.0
4292,ACESSORIOS,B,57.05,1.0,0.6177931704247492,0.6,0,1,45.0
9826,ACESSORIOS,B,53.96,1.0,0.6177931704247492,0.6,0,1,45.0
9851,ACESSORIOS,B,53.75,1.0,0.6177931704247492,0.6,0,1,45.0
4287,ACESSORIOS,B,57.2,1.0,0.6177931704247492,0.6,0,1,45.0
4318,ACESSORIOS,B,57.21,1.0,0.6177931704247492,0.6,0,1,45.0
4350,ACESSORIOS,B,57.07,1.0,0.6177931704247492,0.6,0,1,45.0
4311,ACESSORIOS,B,57.21,1.0,0.6177931704247492,0.6,0,1,45.0
4200,ACESSORIOS,B,57.08,1.0,0.6177931704247492,0.6,0,1,45.0
4422,ACESSORIOS,B,57.2,1.0,0.6177931704247492,0.6,0,1,45.0
4414,ACESSORIOS,B,56.94,1.0,0.6177931704247492,0.6,0,1,45.0
4283,ACESSORIOS,B,57.2,1.0,0.6177931704247492,0.6,0,1,45.0
4296,ACESSORIOS,B,57.0,1.0,0.6177931704247492,0.6,0,1,45.0
4303,ACESSORIOS,B,56.99,1.0,0.6177931704247492,0.6,0,1,45.0
4305,ACESSORIOS,B,57.05,1.0,0.6177931704247492,0.6,0,1,45.0
9836,ACESSORIOS,B,53.78,1.0,0.6177931704247492,0.6,0,1,45.0
4315,ACESSORIOS,B,57.19,1.0,0.6177931704247492,0.6,0,1,45.0
9832,ACESSORIOS,B,53.78,1.0,0.6177931704247492,0.6,0,1,45.0
9835,ACESSORIOS,B,53.78,1.0,0.6177931704247492,0.6,0,1,45.0
4317,ACESSORIOS,B,57.16,1.0,0.6177931704247492,0.6,0,1,45.0
4349,ACESSORIOS,B,57.11,1.0,0.6177931704247492,0.6,0,1,45.0
4205,ACESSORIOS,B,57.12,1.0,0.6177931704247492,0.6,0,1,45.0
4383,ACESSORIOS,B,57.25,1.0,0.6177931704247492,0.6,0,1,45.0
4204,ACESSORIOS,B,57.12,1.0,0.6177931704247492,0.6,0,1,45.0
9847,ACESSORIOS,B,53.75,1.0,0.6177931704247492,0.6,0,1,45.0
9840,ACESSORIOS,B,53.65,1.0,0.6177931704247492,0.6,0,1,45.0
4419,ACESSORIOS,B,56.85,1.0,0.6177931704247492,0.6,0,1,45.0
4420,ACESSORIOS,B,57.24,1.0,0.6177931704247492,0.6,0,1,45.0
9837,ACESSORIOS,B,53.78,1.0,0.6177931704247492,0.6,0,1,45.0
4374,ACESSORIOS,B,56.97,1.0,0.6177931704247492,0.6,0,1,45.0
4366,ACESSORIOS,B,56.99,1.0,0.6177931704247492,0.6,0,1,45.0
9850,ACESSORIOS,B,53.75,1.0,0.6177931704247492,0.6,0,1,45.0
9849,ACESSORIOS,B,53.75,1.0,0.6177931704247492,0.6,0,1,45.0
9848,ACESSORIOS,B,53.75,1.0,0.6177931704247492,0.6,0,1,45.0
9846,ACESSORIOS,B,53.75,1.0,0.6177931704247492,0.6,0,1,45.0
9845,ACESSORIOS,B,53.75,1.0,0.6177931704247492,0.6,0,1,45.0
10349,ROUPA,A,46.92,4.0,3.15243415802075,0.6,0,1,230.0
7087,ROUPA,A,48.1,4.0,3.531385954008701,0.6,0,1,258.0
10286,ROUPA,A,46.9,4.0,3.1475252282556467,0.6,0,1,230.0
443,BEBIDAS,A,59.91,2.706766917293233,3.8033336352930514,15.3,0,16,4480.0
12250,COMESTIVEIS,B,46.54,2.138888888888889,1.6276644847264181,10.2,0,11,1320.0
4042,COMESTIVEIS,C,35.29,2.1148936170212767,1.1655539251650773,26.4,1,26,2236.0
10151,ROUPA,A,46.35,4.0,3.116903633491311,0.6,0,1,230.0
6760,ROUPA,A,51.38,4.0,4.063872255489022,0.6,0,1,300.0
10283,ROUPA,A,46.9,4.0,3.1138875540605477,0.6,0,1,230.0
7490,ROUPA,A,54.42,4.0,4.719621749408984,0.6,0,1,350.0
6786,ROUPA,A,54.6,4.0,4.678690080683436,0.6,0,1,350.0
1850,PERFUMARIA,A,63.88,2.5,3.6028106508875735,14.7,11,4,1080.0
4045,COMESTIVEIS,C,36.78,1.982421875,1.0626860119047619,8.7,1,8,640.0
10284,ROUPA,A,46.9,4.0,3.047573282075925,0.6,0,1,230.0
7110,ROUPA,A,58.47,4.0,5.402328589909444,0.6,0,1,410.0
9149,ROUPA,A,61.79,4.0,6.230118443316412,0.6,0,1,473.0
7290,ROUPA,A,55.95,4.0,4.854981084489282,0.6,0,1,370.0
7486,ROUPA,A,54.42,4.0,4.591016548463357,0.6,0,1,350.0
6758,ROUPA,A,51.38,4.0,3.9341317365269464,0.6,0,1,300.0
136,COMESTIVEIS,B,60.36,1.9982190560997328,1.3110740288991822,22.5,0,23,2300.0
6790,ROUPA,A,54.6,4.0,4.588514475557665,0.6,0,1,350.0
9115,ROUPA,A,59.99,4.0,5.25323275862069,0.6,0,1,401.0
3490,COMESTIVEIS,B,52.8,1.6640194349557904,1.7015698412894156,289.5,4,286,37180.0
9571,ROUPA,B,51.57,1.8461538461538463,1.8040833161476597,0.9,0,1,138.0
6648,ROUPA,A,52.59,3.0,3.2275143090760428,0.6,0,1,247.0
9148,ROUPA,A,61.79,4.0,6.1748448956570785,0.6,0,1,473.0
10269,ROUPA,A,47.01,4.0,2.995656370656371,0.6,0,1,230.0
6787,ROUPA,A,54.6,4.0,4.55813953488372,0.6,0,1,350.0
11495,PERFUMARIA,B,55.4,1.8181818181818181,1.7812955012133656,2.1,1,2,274.0
1071,LOJA DE BRINQUEDOS,C,41.52,1.75,1.17007299270073,4.2,2,3,270.0
8418,ROUPA,A,67.74,4.0,7.144792655086849,0.6,0,1,550.0
8419,ROUPA,A,67.74,4.0,7.144792655086849,0.6,0,1,550.0
6761,ROUPA,A,51.38,4.0,3.894211576846307,0.6,0,1,300.0
988,LOJA DE BRINQUEDOS,B,69.45,1.8644067796610169,3.879397663582956,12.3,1,12,3600.0
8651,ROUPA,A,53.41,2.6666666666666665,2.6833333333333336,0.6,0,1,208.0
2916,PERFUMARIA,A,50.65,2.25,1.8828420256991685,3.3,0,4,584.0
4798,PERFUMARIA,C,38.06,1.96875,0.9773491753472223,4.5,0,5,380.0
5186,PERFUMARIA,A,50.8,4.186046511627906,3.5167315090050697,5.7,0,6,1644.0
2790,COMESTIVEIS,C,25.34,2.091245376078915,0.4872982485225903,32.7,0,33,1254.0
4844,PERFUMARIA,C,33.27,1.8782742681047766,0.7950018885684652,9.3,1,9,558.0
7086,ROUPA,A,48.1,4.0,3.3039154754505904,0.6,0,1,258.0
7108,ROUPA,A,58.47,4.0,5.249676584734799,0.6,0,1,410.0
6605,PERFUMARIA,C,43.0,1.7254901960784315,1.0232354504800325,4.2,1,4,320.0
9501,ROUPA,A,51.68,3.0,2.0201342281879198,0.6,0,1,158.0
7905,ROUPA,A,61.75,4.0,6.024788732394366,0.6,0,1,473.0
9689,ROUPA,A,50.3,3.0,2.9225490196078434,0.6,0,1,230.0
1904,PERFUMARIA,A,58.94,3.0830188679245283,3.423827129015808,25.2,7,19,5130.0
3744,PERFUMARIA,C,44.31,2.2,1.3931635388739947,4.2,0,5,550.0
9751,ROUPA,A,53.96,4.0,2.20234375,0.6,0,1,174.0
1851,PERFUMARIA,A,63.88,2.3947368421052633,3.4118421052631582,14.1,10,5,1350.0
7518,ROUPA,A,46.46,4.0,3.0429752066115703,0.6,0,1,241.0
9423,ROUPA,A,52.46,2.6666666666666665,2.1946680980497404,0.6,0,1,174.0
6759,ROUPA,A,51.38,4.0,3.772455089820359,0.6,0,1,300.0
7089,ROUPA,A,48.1,4.0,3.243008079552517,0.6,0,1,258.0
7907,ROUPA,A,61.75,4.0,5.9447887323943664,0.6,0,1,473.0
6943,ROUPA,A,60.23,4.0,5.773441734417345,0.6,0,1,460.0
120,COMESTIVEIS,B,65.91,1.3866666666666665,1.2550058072009291,19.5,18,2,200.0
10117,ROUPA,A,47.57,3.0,2.4966329966329965,0.6,0,1,200.0
9749,ROUPA,B,53.47,2.1538461538461537,1.4955526750994501,3.0,0,3,360.0
7114,ROUPA,A,58.47,4.0,5.107373868046572,0.6,0,1,410.0
7703,ROUPA,B,54.99,1.0,0.6177931704247492,0.6,0,1,50.0
116,COMESTIVEIS,B,60.36,1.9251620506776665,1.232374977097498,22.5,3,20,2000.0
7906,ROUPA,A,61.75,4.0,5.825352112676057,0.6,0,1,473.0
7289,ROUPA,A,55.95,4.0,4.551071878940732,0.6,0,1,370.0
7291,ROUPA,A,55.95,4.0,4.551071878940732,0.6,0,1,370.0
7904,ROUPA,A,61.75,4.0,5.809577464788733,0.6,0,1,473.0
11287,LOJA DE BRINQUEDOS,A,71.32,2.6666666666666665,6.133838383838384,1.2,0,2,1000.0
8549,ROUPA,A,61.78,4.0,5.799210377890581,0.6,0,1,473.0
5198,PERFUMARIA,A,50.8,4.0,3.3076441102756893,2.7,0,3,810.0
6755,ROUPA,A,51.38,4.0,3.674650698602794,0.6,0,1,300.0
1898,PERFUMARIA,C,31.45,2.5,0.8573267790262172,6.3,0,7,490.0
7903,ROUPA,A,61.75,4.0,5.791549295774648,0.6,0,1,473.0
6944,ROUPA,A,60.23,4.0,5.623848238482386,0.6,0,1,460.0
7593,ROUPA,A,60.23,4.0,5.617344173441735,0.6,0,1,460.0
1051,LOJA DE BRINQUEDOS,C,41.84,2.278481012658228,1.3419104931866916,6.0,0,6,660.0
7224,ROUPA,A,61.41,3.0,4.265886287625418,0.6,0,1,350.0
6942,ROUPA,A,60.23,4.0,5.595663956639567,0.6,0,1,460.0
7273,ROUPA,A,61.14,4.0,5.9525296689569025,0.6,0,1,490.0
6945,ROUPA,A,60.23,4.0,5.573983739837399,0.6,0,1,460.0
11423,ACESSORIOS,B,52.09,1.0,0.6177931704247492,0.6,0,1,51.0
4049,COMESTIVEIS,C,37.02,0.8348056537102474,0.44790331154820356,26.7,25,2,74.0
7590,ROUPA,A,60.23,4.0,5.5544715447154465,0.6,0,1,460.0
7492,ROUPA,A,54.42,4.0,4.226004728132388,0.6,0,1,350.0
8352,ROUPA,A,60.2,4.0,5.543042772062805,0.6,0,1,460.0
9523,ROUPA,B,55.75,1.7560975609756098,1.4416554078077226,3.9,1,3,360.0
8872,ROUPA,A,60.2,4.0,5.509474824038982,0.6,0,1,460.0
6985,ROUPA,A,55.51,3.0,3.4609929078014185,0.6,0,1,289.0
7278,ROUPA,A,61.14,4.0,5.863835103060587,0.6,0,1,490.0
7272,ROUPA,A,61.14,4.0,5.857589006870706,0.6,0,1,490.0
8874,ROUPA,A,60.2,4.0,5.496480779642664,0.6,0,1,460.0
7902,ROUPA,A,61.75,4.0,5.625915492957747,0.6,0,1,473.0
4274,ACESSORIOS,B,57.17,1.0,0.6177931704247492,0.6,0,1,52.0
7280,ROUPA,A,59.82,3.0,4.27190332326284,0.6,0,1,360.0
7489,ROUPA,A,54.42,4.0,4.141843971631205,0.6,0,1,350.0
7276,ROUPA,A,61.14,4.0,5.785134291068082,0.6,0,1,490.0
11037,ROUPA,A,47.43,3.0,2.3569979716024343,0.6,0,1,200.0
6631,ROUPA,A,59.23,4.0,5.572938689217758,0.6,0,1,473.0
8151,ROUPA,A,53.43,2.4,2.4488008342022938,0.6,0,1,208.0
7003,ROUPA,A,61.33,4.0,5.818098720292505,0.6,0,1,495.0
117,COMESTIVEIS,B,69.1,1.105163557718302,1.1706304844990976,45.6,29,17,1700.0
8591,ROUPA,A,61.14,4.0,5.731417863835102,0.6,0,1,490.0
7119,ROUPA,A,58.47,4.0,4.794307891332471,0.6,0,1,410.0
7113,ROUPA,A,58.47,4.0,4.794307891332471,0.6,0,1,410.0
9513,ROUPA,A,49.24,2.4,1.4025074626865672,2.1,0,3,360.0
8550,ROUPA,A,61.78,4.0,5.522842639593908,0.6,0,1,473.0
6630,ROUPA,A,59.23,4.0,5.515856236786469,0.6,0,1,473.0
9766,ROUPA,A,49.43,2.6666666666666665,2.1689891616898915,0.6,0,1,186.0
7186,ROUPA,B,63.77,1.0,0.6177931704247492,0.6,0,1,53.0
8367,ROUPA,A,61.3,4.0,5.755362848014605,0.6,0,1,495.0
3741,PERFUMARIA,B,46.42,1.4545454545454546,1.0447479981158738,3.3,3,1,90.0
7491,ROUPA,A,54.42,4.0,4.059574468085106,0.6,0,1,350.0
12252,COMESTIVEIS,B,46.54,1.808695652173913,1.3912202810981216,8.1,5,4,480.0
2803,COMESTIVEIS,C,42.35,1.8993506493506493,1.3874210597928083,21.6,0,22,2640.0
2745,COMESTIVEIS,C,33.81,2.3337016574585636,1.1286792074911116,29.1,0,30,2940.0
7591,ROUPA,A,60.23,4.0,5.28130081300813,0.6,0,1,460.0
3551,PERFUMARIA,A,59.16,3.0,3.665996711127353,0.6,0,1,320.0
4093,BAZAR,C,32.07,1.945945945945946,0.8003352189398701,3.3,1,3,210.0
9696,ROUPA,A,50.32,2.6666666666666665,2.6283224400871457,0.6,0,1,230.0
6706,ROUPA,A,61.0,4.0,5.987845303867402,0.6,0,1,525.0
7427,ROUPA,A,60.85,4.0,5.981287837094111,0.6,0,1,525.0
365,COMESTIVEIS,C,26.29,3.007518796992481,0.988696230371848,75.3,0,76,6612.0
7589,ROUPA,A,60.23,4.0,5.222764227642276,0.6,0,1,460.0
10215,ROUPA,A,41.14,4.0,2.610029940119761,0.6,0,1,230.0
12251,COMESTIVEIS,B,46.54,1.7827529021558872,1.3567610086526078,10.5,2,9,1080.0
932,LOJA DE BRINQUEDOS,A,53.41,2.6666666666666665,2.823620823620823,0.9,0,1,250.0
8873,ROUPA,A,60.2,4.0,5.195452084461289,0.6,0,1,460.0
9722,ROUPA,A,49.44,2.4,2.100331785003318,2.1,0,3,558.0
7425,ROUPA,A,60.85,4.0,5.916345624656026,0.6,0,1,525.0
9409,ROUPA,A,52.46,4.0,1.9602791196994094,0.6,0,1,174.0
9688,ROUPA,A,50.3,2.6666666666666665,2.589978213507625,0.6,0,1,230.0
4790,PERFUMARIA,C,34.56,1.984251968503937,0.842943460192476,4.5,0,5,375.0
4301,ACESSORIOS,B,57.04,1.0,0.6177931704247492,0.6,0,1,55.0
5843,ACESSORIOS,B,54.02,1.0,0.6177931704247492,0.6,0,1,55.0
4341,ACESSORIOS,B,56.99,1.0,0.6177931704247492,0.6,0,1,55.0
4347,ACESSORIOS,B,57.11,1.0,0.6177931704247492,0.6,0,1,55.0
9417,ROUPA,A,52.46,4.0,1.9495437466451957,0.6,0,1,174.0
3390,LOJA DE BRINQUEDOS,C,41.95,2.368421052631579,1.5650838766099537,4.5,0,5,700.0
9380,ROUPA,A,60.4,2.6666666666666665,3.1047076959563618,0.6,0,1,278.0
3737,PERFUMARIA,B,48.23,1.1914893617021276,0.8931175706722605,3.3,3,1,80.0
7205,ROUPA,A,70.03,4.0,7.144792655086849,0.6,0,1,640.0
3253,PERFUMARIA,A,61.32,3.0,3.569027554208882,4.5,0,5,1600.0
8366,ROUPA,A,61.3,4.0,5.508900045641259,0.6,0,1,495.0
6708,ROUPA,A,61.0,4.0,5.834254143646408,0.6,0,1,525.0
4109,BAZAR,C,25.53,2.5,0.774547803617571,4.2,0,5,350.0
1964,PERFUMARIA,A,33.14,7.199999999999999,2.7642857142857142,6.9,0,7,1750.0
7042,ROUPA,B,57.55,1.0,0.6177931704247492,0.6,0,1,56.0
4620,LOJA DE BRINQUEDOS,A,47.27,2.5411764705882356,2.1975490196078433,35.1,0,36,7200.0
4034,COMESTIVEIS,C,39.43,2.6666666666666665,1.5340297562519787,6.0,0,6,840.0
8193,ROUPA,A,60.86,4.0,5.729074889867841,0.6,0,1,525.0
8350,ROUPA,A,60.2,4.0,5.0178668110449385,0.6,0,1,460.0
6791,ROUPA,A,51.84,4.0,4.141129032258064,0.6,0,1,380.0
8008,ROUPA,A,61.15,4.0,5.33416614615865,0.6,0,1,490.0
7032,ROUPA,A,52.15,4.0,3.7221095334685605,0.6,0,1,342.0
7426,ROUPA,A,60.85,4.0,5.702806824435883,0.6,0,1,525.0
9322,ROUPA,A,50.28,3.0,2.0182186234817814,0.6,0,1,186.0
4519,LOJA DE BRINQUEDOS,C,41.91,2.1463414634146343,1.5163971864437746,4.2,1,4,560.0
9296,ROUPA,A,46.36,2.6666666666666665,1.9632874426366294,0.6,0,1,182.0
6709,ROUPA,A,61.0,4.0,5.645303867403315,0.6,0,1,525.0
3565,PERFUMARIA,A,58.08,2.4,2.6864986498649865,4.2,0,5,1250.0
7710,ROUPA,A,60.16,4.0,5.370288248337029,0.6,0,1,500.0
8219,ROUPA,A,51.66,4.0,4.068273092369477,0.6,0,1,380.0
9405,ROUPA,A,52.46,4.0,1.8615136876006442,0.6,0,1,174.0
6707,ROUPA,A,61.0,4.0,5.604419889502762,0.6,0,1,525.0
5187,PERFUMARIA,A,49.33,3.0,2.3432312368482577,0.6,0,1,220.0
8351,ROUPA,A,60.2,4.0,4.8976719003789935,0.6,0,1,460.0
6941,ROUPA,A,55.77,2.6666666666666665,3.084470435347628,0.6,0,1,290.0
9765,ROUPA,A,49.43,2.6666666666666665,1.9721300597213005,0.6,0,1,186.0
8221,ROUPA,A,51.66,4.0,4.02710843373494,0.6,0,1,380.0
7430,ROUPA,A,60.85,4.0,5.558613098514034,0.6,0,1,525.0
7431,ROUPA,A,60.85,4.0,5.541001651073198,0.6,0,1,525.0
9691,ROUPA,A,50.3,2.4,2.4227450980392153,0.6,0,1,230.0
4799,PERFUMARIA,C,34.79,1.6403508771929824,0.7372470748181253,4.5,1,4,280.0
6217,PERFUMARIA,B,50.54,1.6666666666666667,1.3768634466308884,2.1,1,2,262.0
6640,ROUPA,A,54.8,6.0,6.819897084048027,0.6,0,1,650.0
7711,ROUPA,A,60.16,4.0,5.234589800443459,0.6,0,1,500.0
7023,ROUPA,A,50.48,4.0,3.967470555243971,0.6,0,1,380.0
8704,ROUPA,A,60.84,4.0,5.466152999449641,0.6,0,1,525.0
135,COMESTIVEIS,B,56.37,2.075117370892019,1.0387234347561196,11.7,0,12,1200.0
123,COMESTIVEIS,B,56.37,1.9552079630287948,1.0355139578239525,14.4,2,13,1300.0
953,LOJA DE BRINQUEDOS,C,35.35,2.2857142857142856,1.0306376914855717,3.0,0,3,300.0
7195,ROUPA,A,60.59,4.0,5.874248223072717,0.6,0,1,570.0
362,COMESTIVEIS,C,33.6,2.447552447552448,1.1309609065633164,39.3,0,40,4400.0
7279,ROUPA,A,59.83,2.6666666666666665,3.7007049345417924,0.6,0,1,360.0
1854,PERFUMARIA,A,55.44,2.7659574468085104,2.7719228474845896,7.2,5,3,810.0
5055,BEBIDAS,C,33.96,2.262626262626263,1.0234912299894252,11.4,0,12,1200.0
7201,ROUPA,A,60.59,4.0,5.830508474576272,0.6,0,1,570.0
9723,ROUPA,A,49.43,2.6666666666666665,1.9013492590134924,0.6,0,1,186.0
7196,ROUPA,A,60.59,4.0,5.8228540185893936,0.6,0,1,570.0
4784,PERFUMARIA,A,49.36,2.297872340425532,1.8469486034497855,4.5,0,5,905.0
3473,COMESTIVEIS,A,33.4,4.520064205457464,2.0386628515597742,27.3,0,28,5600.0
7198,ROUPA,A,60.59,4.0,5.8053581191908155,0.6,0,1,570.0
12272,COMESTIVEIS,C,35.27,2.3645320197044337,1.1526847904868371,14.7,0,15,1710.0
3058,PERFUMARIA,A,58.7,2.4,2.7251572327044022,4.2,0,5,1350.0
9732,ROUPA,A,49.43,2.6666666666666665,1.8770183587701836,0.6,0,1,186.0
7203,ROUPA,A,60.59,4.0,5.749589939857846,0.6,0,1,570.0
6792,ROUPA,A,51.84,4.0,3.83266129032258,0.6,0,1,380.0
4782,PERFUMARIA,B,48.35,2.2325581395348837,1.7727825272513502,4.5,0,5,880.0
10372,ROUPA,A,46.97,2.727272727272727,2.2351615326821936,2.1,0,3,666.0
6754,ROUPA,A,51.38,3.0,3.0199600798403194,0.6,0,1,300.0
1651,PERFUMARIA,C,41.94,1.263157894736842,0.702983736714048,3.6,3,1,70.0
1852,PERFUMARIA,B,62.02,2.076923076923077,2.7090025359256127,13.5,0,14,3780.0
9554,ROUPA,B,50.28,1.8461538461538463,1.8023205844434893,0.9,0,1,180.0
7027,ROUPA,A,50.48,4.0,3.7913628715647785,0.6,0,1,380.0
7199,ROUPA,A,60.59,4.0,5.681793329688355,0.6,0,1,570.0
5776,ACESSORIOS,B,54.16,1.0,0.6177931704247492,0.6,0,1,62.0
1913,PERFUMARIA,B,64.04,1.8888888888888888,2.6889746889746893,13.5,13,1,270.0
7194,ROUPA,A,60.59,4.0,5.6566429743028985,0.6,0,1,570.0
12092,COMESTIVEIS,A,41.34,2.7096774193548385,1.6833817459104112,6.6,0,7,1190.0
3552,PERFUMARIA,A,54.53,2.5,2.4738192480888053,2.1,0,3,750.0
9089,ROUPA,A,51.12,4.0,3.9888977002379065,0.6,0,1,406.0
9733,ROUPA,A,49.43,2.6666666666666665,1.8181818181818181,0.6,0,1,186.0
1062,LOJA DE BRINQUEDOS,C,40.9,2.6666666666666665,1.6572769953051645,2.4,0,3,510.0
6626,ROUPA,A,55.8,4.0,4.828863968795709,0.6,0,1,496.0
6619,ROUPA,A,55.8,4.0,4.828863968795709,0.6,0,1,496.0
6624,ROUPA,A,55.8,4.0,4.8269137006338365,0.6,0,1,496.0
10774,ROUPA,A,46.7,4.0,3.4025849688846335,0.6,0,1,350.0
3485,COMESTIVEIS,A,33.4,4.259786476868328,1.9382264545501433,27.3,1,27,5400.0
9729,ROUPA,A,49.43,2.6666666666666665,1.80092899800929,0.6,0,1,186.0
7311,ROUPA,A,55.63,4.0,4.797474502185527,0.6,0,1,496.0
9939,LOJA DE BRINQUEDOS,C,40.51,2.050113895216401,0.9646318010381268,14.4,0,15,1500.0
7495,ROUPA,A,51.65,4.0,3.6586345381526097,0.6,0,1,380.0
6753,ROUPA,A,51.38,3.0,2.8882235528942113,0.6,0,1,300.0
6718,ROUPA,A,52.43,2.6666666666666665,2.5965770171149143,0.6,0,1,270.0
6621,ROUPA,A,55.8,4.0,4.756704046806435,0.6,0,1,496.0
115,COMESTIVEIS,B,69.1,0.8949211908931698,0.9587289566273803,101.4,78,24,2400.0
6620,ROUPA,A,55.8,4.0,4.728425158459288,0.6,0,1,496.0
7030,ROUPA,A,52.15,4.0,3.2596348884381343,0.6,0,1,342.0
5889,ACESSORIOS,B,53.96,1.0,0.6177931704247492,0.6,0,1,65.0
5900,ACESSORIOS,C,-10.54,1.0,0.6177931704247492,0.6,0,1,65.0
5902,ACESSORIOS,B,54.13,1.0,0.6177931704247492,0.6,0,1,65.0
9090,ROUPA,A,51.12,4.0,3.85725614591594,0.6,0,1,406.0
7197,ROUPA,A,60.59,4.0,5.406232914160744,0.6,0,1,570.0
6607,PERFUMARIA,B,44.65,1.4035087719298245,0.8481242091583735,4.2,2,3,270.0
1950,PERFUMARIA,A,56.22,2.4444444444444446,2.350469872857933,14.7,1,14,3500.0
7857,ROUPA,A,51.08,4.0,3.8161648177496037,0.6,0,1,406.0
1041,LOJA DE BRINQUEDOS,B,61.91,2.0,2.818285714285714,3.9,1,3,900.0
1858,PERFUMARIA,A,50.3,2.526315789473684,2.0579355365157075,6.3,0,7,1540.0
121,COMESTIVEIS,B,56.37,1.8768809849521204,0.9353703490982759,12.3,1,12,1200.0
1073,LOJA DE BRINQUEDOS,C,38.87,2.727272727272727,1.682544002903284,2.1,0,3,540.0
7026,ROUPA,A,50.48,4.0,3.549074593381941,0.6,0,1,380.0
7024,ROUPA,A,50.48,4.0,3.5434660684240047,0.6,0,1,380.0
1841,PERFUMARIA,C,42.25,1.7827476038338659,0.9319380013649987,13.8,2,12,1200.0
9387,ROUPA,A,60.96,2.6666666666666665,2.5860990860990865,0.6,0,1,278.0
9728,ROUPA,A,44.77,2.6666666666666665,1.7268124746861075,3.3,0,4,744.0
6623,ROUPA,A,55.8,4.0,4.603607996099464,0.6,0,1,496.0
6622,ROUPA,A,55.8,4.0,4.599707459775719,0.6,0,1,496.0
8186,ROUPA,A,56.72,4.0,4.822212270488134,0.6,0,1,520.0
12268,COMESTIVEIS,C,35.37,1.9978835978835978,0.927036905091768,10.8,1,10,1000.0
10700,ROUPA,A,47.56,4.0,3.5065554231227654,0.6,0,1,380.0
9241,ROUPA,A,52.52,4.0,4.344647519582246,0.6,0,1,472.0
7859,ROUPA,A,51.08,4.0,3.7337559429477025,0.6,0,1,406.0
97,COMESTIVEIS,A,48.18,3.4499904379422457,1.8383179938785743,108.0,48,60,12000.0
6618,ROUPA,A,55.8,4.0,4.52657240370551,0.6,0,1,496.0
10530,ROUPA,A,46.02,4.0,3.186813186813187,0.6,0,1,350.0
9324,ROUPA,A,44.93,4.0,1.6904326630103597,0.6,0,1,186.0
5802,ACESSORIOS,B,54.06,1.0,0.6177931704247492,0.6,0,1,68.0
5875,ACESSORIOS,B,54.13,1.0,0.6177931704247492,0.6,0,1,68.0
5846,ACESSORIOS,C,-9.86,1.0,0.6177931704247492,0.6,0,1,68.0
5826,ACESSORIOS,B,54.05,1.0,0.6177931704247492,0.6,0,1,68.0
5879,ACESSORIOS,C,-9.86,1.0,0.6177931704247492,0.6,0,1,68.0
5869,ACESSORIOS,B,53.96,1.0,0.6177931704247492,0.6,0,1,68.0
3460,COMESTIVEIS,A,40.51,3.5468155290535397,2.1801061454777293,80.1,21,60,14400.0
5208,PERFUMARIA,A,50.8,3.0,2.4737233709273183,3.6,0,4,1092.0
7025,ROUPA,A,50.48,4.0,3.430173864273696,0.6,0,1,380.0
9422,ROUPA,A,52.46,2.4,1.5603864734299517,0.6,0,1,174.0
5838,ACESSORIOS,C,-4.49,1.0,0.6177931704247492,0.6,0,1,69.0
5819,ACESSORIOS,B,54.19,1.0,0.6177931704247492,0.6,0,1,69.0
8238,ROUPA,B,52.1,1.0,0.6177931704247492,0.6,0,1,69.0
4177,BEBIDAS,C,31.6,2.015151515151515,0.8945139598229487,8.1,2,7,700.0
956,LOJA DE BRINQUEDOS,A,47.22,2.2857142857142856,1.9630484988452654,3.0,0,3,660.0
9521,ROUPA,A,48.21,2.4,1.5493965875988347,2.1,0,3,522.0
7521,ROUPA,A,46.47,2.6666666666666665,2.1454545454545455,0.6,0,1,241.0
3228,PERFUMARIA,A,57.46,2.6666666666666665,2.8482431807674526,0.6,0,1,320.0
10533,ROUPA,A,46.77,4.0,3.114476386036961,0.6,0,1,350.0
8190,ROUPA,B,71.48,2.0,4.356257744733581,0.6,0,1,490.0
2771,COMESTIVEIS,B,50.27,1.5420405450315722,1.144714006129759,27.6,4,24,3096.0
9725,ROUPA,A,49.43,2.6666666666666665,1.6491926564919266,0.6,0,1,186.0
2816,COMESTIVEIS,B,47.19,1.8890809564966868,1.592130845151833,43.2,3,41,7380.0
7633,ROUPA,B,55.35,1.0,0.6177931704247492,0.6,0,1,70.0
8634,ROUPA,A,55.61,4.0,4.376699029126213,0.6,0,1,496.0
1032,LOJA DE BRINQUEDOS,A,47.95,2.2857142857142856,1.940850277264325,3.0,0,3,660.0
4781,PERFUMARIA,B,47.31,2.0675675675675675,1.5429857937509046,4.5,0,5,875.0
10250,ROUPA,A,46.98,2.6666666666666665,2.026210001607976,0.6,0,1,230.0
4740,PERFUMARIA,C,43.16,2.25,1.358967188665175,4.5,0,5,775.0
9750,ROUPA,C,43.62,2.074074074074074,1.0508363201911588,3.0,0,3,360.0
9919,LOJA DE BRINQUEDOS,C,35.9,1.702552719200888,0.8555649054926376,38.1,22,17,1666.0
257,ROUPA,A,52.84,4.0,4.355647811797267,0.6,0,1,500.0
4038,COMESTIVEIS,C,36.67,2.3008849557522124,1.306573957016435,5.1,0,6,900.0
1979,PERFUMARIA,A,46.14,2.5714285714285716,1.8246599977520512,3.3,0,4,840.0
262,ROUPA,A,53.18,4.0,4.327863961813842,0.6,0,1,500.0
270,ROUPA,A,53.0,4.0,4.315013619612242,0.6,0,1,500.0
271,ROUPA,A,53.0,4.0,4.31277038936068,0.6,0,1,500.0
4244,ROUPA,C,27.95,4.0,1.2926117224343139,0.6,0,1,150.0
221,ROUPA,A,52.84,4.0,4.304445597647466,0.6,0,1,500.0
6636,ROUPA,A,61.74,4.0,6.019250253292807,0.6,0,1,700.0
7950,ROUPA,A,70.01,2.6666666666666665,5.497937536829699,0.6,0,1,640.0
1868,PERFUMARIA,A,50.3,2.357142857142857,1.8889119601328903,5.4,0,6,1320.0
4809,PERFUMARIA,C,27.25,1.8078512396694215,0.5559844056366935,6.0,1,5,325.0
3734,PERFUMARIA,C,34.0,1.8181818181818181,0.7687058250060931,4.2,1,4,360.0
258,ROUPA,A,52.68,4.0,4.259114804137697,0.6,0,1,500.0
9334,ROUPA,A,52.89,4.0,2.9804646251319955,0.6,0,1,350.0
6634,ROUPA,A,61.74,4.0,5.959473150962513,0.6,0,1,700.0
7315,ROUPA,A,61.59,4.0,5.945509586276488,0.6,0,1,700.0
11291,LOJA DE BRINQUEDOS,B,49.54,2.135508155583438,1.6967519382256466,25.5,0,26,5200.0
9763,ROUPA,B,49.44,2.1818181818181817,1.5776075285033477,2.1,0,3,558.0
282,ROUPA,A,52.64,4.0,4.23869718710853,0.6,0,1,500.0
3158,PERFUMARIA,A,38.19,4.0,2.117859624739402,0.6,0,1,250.0
9744,ROUPA,A,55.87,2.6666666666666665,2.3549313756782637,0.6,0,1,278.0
1952,PERFUMARIA,B,56.22,2.13302752293578,2.1169382445570317,13.8,11,3,750.0
9068,ROUPA,A,59.27,4.0,5.162702188392007,0.6,0,1,610.0
9313,ROUPA,A,45.16,2.4,1.573317013463892,2.1,0,3,558.0
10975,ROUPA,C,41.06,2.5,1.6835443037974684,2.1,0,3,600.0
9717,ROUPA,A,47.36,2.4,1.531421287444232,2.1,0,3,546.0
256,ROUPA,A,52.84,4.0,4.205846739318456,0.6,0,1,500.0
284,ROUPA,A,52.64,4.0,4.187192118226601,0.6,0,1,500.0
216,ROUPA,A,52.46,4.0,4.18469431380932,0.6,0,1,500.0
5724,PERFUMARIA,A,48.03,2.4,1.8393305439330543,2.1,0,3,660.0
6690,ROUPA,A,51.0,2.6666666666666665,2.490506329113924,0.6,0,1,298.0
289,ROUPA,A,52.69,4.0,4.178117048346056,0.6,0,1,500.0
211,ROUPA,A,52.64,4.0,4.174239836009566,0.6,0,1,500.0
208,ROUPA,A,52.38,4.0,4.166568914956011,0.6,0,1,500.0
4830,PERFUMARIA,C,25.26,2.3636363636363638,0.6819279754062363,4.5,0,5,410.0
286,ROUPA,A,52.32,4.0,4.156396396396397,0.6,0,1,500.0
2361,PERFUMARIA,A,42.08,2.84375,1.6600800835654597,6.0,4,2,400.0
12247,COMESTIVEIS,C,40.52,2.3376623376623376,1.4109005748350012,4.5,0,5,850.0
2804,COMESTIVEIS,C,34.79,1.9556025369978858,0.993181687462636,10.5,0,11,1320.0
6107,PERFUMARIA,C,35.48,1.9398340248962656,0.8275077267666571,15.6,1,15,1500.0
220,ROUPA,A,52.64,4.0,4.126637057282769,0.6,0,1,500.0
5864,ACESSORIOS,B,54.1,1.0,0.6177931704247492,0.6,0,1,75.0
5808,ACESSORIOS,B,54.17,1.0,0.6177931704247492,0.6,0,1,75.0
5825,ACESSORIOS,B,54.05,1.0,0.6177931704247492,0.6,0,1,75.0
259,ROUPA,A,52.68,4.0,4.115991181956927,0.6,0,1,500.0
206,ROUPA,A,53.18,4.0,4.1115751789976125,0.6,0,1,500.0
12248,COMESTIVEIS,C,40.52,2.2916666666666665,1.397854052823315,4.5,0,5,850.0
260,ROUPA,A,52.68,4.0,4.109886382906563,0.6,0,1,500.0
252,ROUPA,A,52.42,4.0,4.105093966369931,0.6,0,1,500.0
267,ROUPA,A,52.42,4.0,4.10459940652819,0.6,0,1,500.0
253,ROUPA,A,52.42,4.0,4.09915924826904,0.6,0,1,500.0
268,ROUPA,A,52.38,4.0,4.094428152492669,0.6,0,1,500.0
9297,ROUPA,A,44.23,2.6666666666666665,1.4873646209386282,0.6,0,1,182.0
5715,PERFUMARIA,A,48.0,2.4,1.836820083682008,2.1,0,3,675.0
202,ROUPA,A,52.53,4.0,4.077431766261873,0.6,0,1,500.0
203,ROUPA,A,52.53,4.0,4.075027053023926,0.6,0,1,500.0
5836,ACESSORIOS,B,54.04,1.0,0.6177931704247492,0.6,0,1,76.0
6635,ROUPA,A,61.74,4.0,5.685916919959474,0.6,0,1,700.0
7858,ROUPA,A,51.08,4.0,3.294770206022187,0.6,0,1,406.0
5675,PERFUMARIA,A,46.48,2.3013698630136985,1.6228664149530379,7.2,0,8,1600.0
6444,PERFUMARIA,B,74.21,1.1201814058956916,2.4310188748234447,14.4,10,5,1500.0
250,ROUPA,A,52.38,4.0,4.051612903225807,0.6,0,1,500.0
5022,COMESTIVEIS,C,32.01,0.78725,0.32394667832167834,54.9,53,2,80.0
9299,ROUPA,A,44.71,3.0,1.4733009708737865,0.6,0,1,182.0
12093,COMESTIVEIS,C,41.34,2.1818181818181817,1.3761309780267128,5.1,0,6,1020.0
2792,COMESTIVEIS,B,46.73,1.982896237172178,1.6972357555025743,13.2,1,13,2730.0
6633,ROUPA,A,61.74,4.0,5.646403242147924,0.6,0,1,700.0
209,ROUPA,A,52.38,4.0,4.020234604105571,0.6,0,1,500.0
5030,COMESTIVEIS,C,32.01,0.8112582781456953,0.32134256472004813,26.7,25,2,80.0
2908,PERFUMARIA,C,43.15,1.4464285714285714,0.8916620140972852,3.3,2,2,222.0
6694,ROUPA,A,48.29,4.0,3.4919441460794842,0.6,0,1,436.0
283,ROUPA,A,52.53,4.0,3.992013311148087,0.6,0,1,500.0
1074,LOJA DE BRINQUEDOS,C,38.85,2.4,1.5150548354935196,2.1,0,3,570.0
287,ROUPA,A,52.38,4.0,3.9859237536656895,0.6,0,1,500.0
266,ROUPA,A,52.42,4.0,3.9846686449060336,0.6,0,1,500.0
1873,PERFUMARIA,B,50.3,2.129032258064516,1.746686671667917,5.1,0,6,1320.0
2805,COMESTIVEIS,C,36.93,1.729446446118572,0.7926221271233701,12.6,0,13,1300.0
9589,ROUPA,B,49.67,1.0,0.6177931704247492,0.6,0,1,78.0
5792,ACESSORIOS,B,54.15,1.0,0.6177931704247492,0.6,0,1,78.0
2268,BEBIDAS,C,42.02,2.5913621262458473,1.6632197311390289,45.9,0,46,9660.0
9699,ROUPA,A,53.02,4.0,3.9573203673689896,0.6,0,1,501.0
2051,PERFUMARIA,A,47.27,2.4,1.7365411831304842,2.1,0,3,660.0
9315,ROUPA,A,44.93,4.0,1.46617915904936,0.6,0,1,186.0
5730,PERFUMARIA,A,47.95,2.368421052631579,1.8512251400944952,4.5,0,5,1175.0
212,ROUPA,A,53.0,4.0,3.938471398814293,0.6,0,1,500.0
2802,COMESTIVEIS,C,39.47,2.1281138790035588,1.3069541829627802,16.2,1,16,2656.0
4619,LOJA DE BRINQUEDOS,B,48.53,1.8593588417786968,1.5717660655110997,15.0,2,13,2600.0
9928,LOJA DE BRINQUEDOS,C,38.71,1.062547098718915,0.5097383302393688,89.4,67,23,1495.0
9714,ROUPA,A,46.64,2.6666666666666665,1.4270440251572327,3.3,0,4,728.0
7009,ROUPA,B,56.1,1.0,0.6177931704247492,0.6,0,1,79.0
274,ROUPA,A,52.42,4.0,3.8751236399604356,0.6,0,1,500.0
12254,COMESTIVEIS,C,40.52,2.1666666666666665,1.3073998178506376,4.5,0,5,850.0
6079,PERFUMARIA,C,34.29,1.9548872180451127,0.7650739166757474,22.8,0,23,2300.0
3743,PERFUMARIA,A,47.84,3.3333333333333335,2.5228584110075456,2.1,0,3,990.0
5743,PERFUMARIA,A,47.65,2.5714285714285716,1.9091629257987854,3.3,0,4,1000.0
1819,BEBIDAS,A,38.54,3.243243243243243,1.907711282711283,5.1,0,6,1500.0
12091,COMESTIVEIS,C,41.34,2.076923076923077,1.2943857090776523,5.1,0,6,1020.0
1857,PERFUMARIA,A,46.4,2.4,1.6587813620071685,5.1,0,6,1320.0
5850,ACESSORIOS,B,54.1,1.0,0.6177931704247492,0.6,0,1,82.0
5893,ACESSORIOS,B,54.13,1.0,0.6177931704247492,0.6,0,1,82.0
5903,ACESSORIOS,B,53.93,1.0,0.6177931704247492,0.6,0,1,82.0
5905,ACESSORIOS,B,54.14,1.0,0.6177931704247492,0.6,0,1,82.0
7274,ROUPA,A,61.15,2.6666666666666665,3.6835311263793464,0.6,0,1,490.0
9721,ROUPA,B,49.44,2.0,1.3968148639681486,2.1,0,3,558.0
261,ROUPA,A,53.18,4.0,3.7479116945107394,0.6,0,1,500.0
7313,ROUPA,A,61.59,4.0,5.219979818365288,0.6,0,1,700.0
4013,COMESTIVEIS,C,38.17,1.876418663303909,1.0783208250182625,9.9,0,10,1450.0
7275,ROUPA,A,61.15,2.6666666666666665,3.6348115760982713,0.6,0,1,490.0
12101,COMESTIVEIS,C,41.34,2.0952380952380953,1.2602873692921088,5.1,0,6,1020.0
929,LOJA DE BRINQUEDOS,C,38.75,2.4347826086956523,1.4742890430545992,3.0,0,3,600.0
6638,ROUPA,A,54.8,4.0,4.74271012006861,0.6,0,1,650.0
5787,ACESSORIOS,B,54.17,1.0,0.6177931704247492,0.6,0,1,85.0
12157,PERFUMARIA,B,57.31,1.9224806201550388,1.9979091464978203,11.1,5,7,1925.0
10016,ROUPA,A,47.2,4.0,3.6285626723873734,0.6,0,1,500.0
10741,ROUPA,A,47.55,3.0,2.5359152598477324,0.6,0,1,350.0
223,ROUPA,A,52.68,4.0,3.618450059352213,0.6,0,1,500.0
2179,PERFUMARIA,A,56.91,3.8153846153846156,3.6178719484108703,12.9,2,11,5500.0
5231,PERFUMARIA,A,49.46,3.0,2.3151596865256594,0.6,0,1,320.0
10782,ROUPA,A,46.7,3.0,2.5299186213499283,0.6,0,1,350.0
218,ROUPA,A,52.64,4.0,3.613899613899614,0.6,0,1,500.0
288,ROUPA,A,52.84,4.0,3.6101020584673926,0.6,0,1,500.0
195,ROUPA,A,53.17,4.0,3.6094978826376276,0.6,0,1,500.0
200,ROUPA,A,52.42,4.0,3.6090504451038576,0.6,0,1,500.0
285,ROUPA,A,52.32,4.0,3.6075675675675676,0.6,0,1,500.0
4030,COMESTIVEIS,C,38.69,2.2684931506849315,1.3704377813966855,6.6,0,7,1330.0
6442,PERFUMARIA,B,74.21,0.9842342342342343,2.161842922246043,16.2,13,4,1200.0
10731,ROUPA,A,47.36,3.0,2.521987686895339,0.6,0,1,350.0
214,ROUPA,A,52.64,4.0,3.600956610864366,0.6,0,1,500.0
12255,COMESTIVEIS,C,42.24,2.1818181818181817,1.404193914832213,9.9,0,10,1950.0
5681,PERFUMARIA,B,48.74,2.1818181818181817,1.6922187981510017,4.5,0,5,1175.0
269,ROUPA,A,52.64,4.0,3.597995672474661,0.6,0,1,500.0
219,ROUPA,A,52.38,4.0,3.5832844574780056,0.6,0,1,500.0
263,ROUPA,C,3.75,4.0,3.5748624974536565,0.6,0,1,500.0
184,ROUPA,A,53.51,6.0,3.571428571428571,0.6,0,1,500.0
4655,LOJA DE BRINQUEDOS,A,42.11,3.0,2.1393034825870645,0.6,0,1,300.0
204,ROUPA,A,52.53,4.0,3.563785018636527,0.6,0,1,500.0
4841,PERFUMARIA,C,35.66,2.25,1.0527854195323247,4.5,0,5,740.0
9762,ROUPA,A,49.44,2.4,1.321300597213006,2.1,0,3,558.0
2055,PERFUMARIA,A,50.7,2.3157894736842106,1.9875888245506208,4.5,0,5,1400.0
255,ROUPA,A,52.84,4.0,3.5436775644352188,0.6,0,1,500.0
3446,COMESTIVEIS,A,43.37,5.053995680345572,3.534011984923559,86.1,0,87,43500.0
4063,COMESTIVEIS,C,40.06,2.6999999999999997,1.6873435326842836,4.8,0,5,1200.0
199,ROUPA,C,11.7,4.0,3.4997527200791296,0.6,0,1,500.0
5679,PERFUMARIA,B,48.74,2.1176470588235294,1.6413260219341974,4.5,0,5,1175.0
3755,PERFUMARIA,B,49.18,1.9703703703703705,1.5359112416381142,4.5,1,4,880.0
201,ROUPA,A,52.42,4.0,3.486399604352127,0.6,0,1,500.0
8129,ROUPA,A,45.46,4.0,2.9261334691798266,0.6,0,1,420.0
251,ROUPA,A,52.42,4.0,3.479970326409496,0.6,0,1,500.0
5180,PERFUMARIA,B,50.8,2.210526315789474,1.879043826671943,2.4,2,1,270.0
3495,COMESTIVEIS,C,34.08,2.113821138211382,1.0411636692124495,11.7,0,12,1800.0
3529,COMESTIVEIS,C,40.31,1.9298245614035088,1.179177451826287,4.5,1,4,680.0
6608,PERFUMARIA,A,44.52,2.6666666666666665,1.6636402939904884,4.5,0,5,1200.0
275,ROUPA,A,52.42,4.0,3.46513353115727,0.6,0,1,500.0
3143,PERFUMARIA,A,58.43,2.6666666666666665,1.7284937967804777,0.6,0,1,250.0
6100,PERFUMARIA,C,32.6,3.592188397472717,1.2719652088290803,57.6,1,57,10488.0
10787,LOJA DE BRINQUEDOS,C,40.84,1.445128276052832,0.824747802095408,79.2,53,27,3240.0
7093,ROUPA,B,55.7,1.0,0.6177931704247492,0.6,0,1,90.0
4012,COMESTIVEIS,B,57.39,2.1136363636363633,2.537448717113832,13.2,0,14,5180.0
1847,PERFUMARIA,B,50.3,1.8333333333333333,1.5083979328165376,5.1,1,5,1100.0
1859,PERFUMARIA,B,46.4,2.16,1.5070967741935484,5.1,0,6,1320.0
9528,ROUPA,B,52.27,2.142857142857143,1.982575672958785,2.1,0,3,870.0
9304,ROUPA,A,48.0,3.0,1.2401549386701098,0.6,0,1,182.0
12249,COMESTIVEIS,C,40.52,1.9411764705882353,1.1572806171648986,4.5,0,5,850.0
5682,PERFUMARIA,B,48.74,2.0,1.5963983050847457,4.5,0,5,1175.0
992,LOJA DE BRINQUEDOS,B,56.82,1.7099236641221374,2.035095885309998,11.1,2,10,3000.0
6637,ROUPA,A,54.8,4.0,4.399656946826758,0.6,0,1,650.0
106,COMESTIVEIS,A,47.95,2.855329475452679,0.8798279809079427,71.7,1,71,9230.0
9727,ROUPA,A,44.69,2.857142857142857,1.2586685159500692,2.1,0,3,558.0
9713,ROUPA,B,46.34,2.0,1.2307692307692308,2.1,1,2,364.0
6233,PERFUMARIA,C,40.51,1.9672131147540983,1.0330521513077617,10.8,0,11,1683.0
2266,COMESTIVEIS,C,17.19,4.928677563150074,1.012444279346211,58.5,1,58,8700.0
5718,PERFUMARIA,B,47.95,2.1176470588235294,1.584182733636252,4.5,0,5,1175.0
249,ROUPA,A,52.38,4.0,3.3624633431085043,0.6,0,1,500.0
5069,PERFUMARIA,C,28.62,3.0,1.0578231292517009,0.6,0,1,158.0
6644,ROUPA,A,54.8,4.0,4.349914236706689,0.6,0,1,650.0
6602,PERFUMARIA,B,45.09,2.0307692307692307,1.2019041861870938,4.5,0,5,900.0
4064,COMESTIVEIS,C,38.9,1.7211155378486054,1.0014678129586916,7.2,0,8,1200.0
9693,ROUPA,B,50.32,1.6666666666666667,1.533333333333333,2.1,1,2,460.0
9731,ROUPA,A,49.43,3.0,1.2397146648971467,0.6,0,1,186.0
309,BEBIDAS,B,54.84,1.8841761827079935,1.865344437766521,419.1,310,110,30800.0
7103,ROUPA,A,46.95,4.0,3.394800974817222,0.6,0,1,511.0
3772,PERFUMARIA,A,47.3,2.2471264367816093,1.6587517258968068,4.5,0,5,1250.0
3747,PERFUMARIA,A,47.84,2.857142857142857,2.1883203347917064,2.1,0,3,990.0
2791,COMESTIVEIS,B,48.21,1.739606126914661,1.323327853846654,13.5,0,14,2800.0
5651,PERFUMARIA,B,67.68,1.4210034278591461,1.1246791019305822,17.1,0,18,3060.0
10039,ROUPA,A,46.94,4.0,3.302628811777077,0.6,0,1,500.0
1033,LOJA DE BRINQUEDOS,B,47.95,1.6779661016949152,1.4507033428365552,4.5,2,3,660.0
4816,PERFUMARIA,B,59.42,1.2907801418439715,1.5216728647198683,11.1,4,8,1848.0
3771,PERFUMARIA,C,40.27,2.6218487394957983,1.4463159713224498,4.8,0,5,1100.0
1864,PERFUMARIA,A,46.82,3.0,2.103448275862069,2.1,0,3,960.0
10041,ROUPA,A,46.94,4.0,3.2841219768664565,0.6,0,1,500.0
222,ROUPA,A,52.84,4.0,3.2824770800899494,0.6,0,1,500.0
3561,PERFUMARIA,B,56.24,1.6666666666666667,1.6403755868544605,3.6,1,3,750.0
5680,PERFUMARIA,A,49.31,2.357142857142857,1.9971419975932614,4.5,0,5,1525.0
182,ROUPA,A,53.51,3.0,3.2730806608357623,0.6,0,1,500.0
247,ROUPA,A,53.45,4.0,3.2680304222397063,0.6,0,1,500.0
12261,COMESTIVEIS,C,42.07,1.0545799715234931,0.6513204679229337,67.8,43,25,2500.0
10055,ROUPA,A,47.25,4.0,3.254102999434069,0.6,0,1,500.0
5778,ACESSORIOS,B,54.05,1.0,0.6177931704247492,0.6,0,1,95.0
5847,ACESSORIOS,B,54.04,1.0,0.6177931704247492,0.6,0,1,95.0
5859,ACESSORIOS,B,54.01,1.0,0.6177931704247492,0.6,0,1,95.0
5881,ACESSORIOS,B,54.15,1.0,0.6177931704247492,0.6,0,1,95.0
5858,ACESSORIOS,C,-10.56,1.0,0.6177931704247492,0.6,0,1,95.0
225,ROUPA,A,52.49,4.0,3.2501254390366285,0.6,0,1,500.0
3753,PERFUMARIA,B,47.3,2.2,1.6226472838561592,4.2,0,5,1250.0
10043,ROUPA,A,46.94,4.0,3.2374342797055733,0.6,0,1,500.0
1849,PERFUMARIA,B,46.4,2.0869565217391304,1.4181081502259623,5.1,0,6,1320.0
6629,ROUPA,A,51.81,2.6666666666666665,2.63938520653218,0.6,0,1,410.0
5254,PERFUMARIA,B,47.04,2.1818181818181817,1.6063438119512887,4.5,0,5,1250.0
2280,COMESTIVEIS,C,30.56,2.772031076581576,1.025885767950141,71.4,55,17,2720.0
9303,ROUPA,A,47.03,3.0,1.1628643852978455,0.6,0,1,182.0
7105,ROUPA,A,46.95,4.0,3.255077173030057,0.6,0,1,511.0
949,LOJA DE BRINQUEDOS,C,37.11,3.0,1.6556291390728477,2.1,0,3,780.0
10040,ROUPA,A,46.94,4.0,3.181072555205047,0.6,0,1,500.0
9298,ROUPA,A,44.23,2.4,1.1576413959085439,2.1,0,3,546.0
281,ROUPA,A,52.64,4.0,3.1764035986789656,0.6,0,1,500.0
4071,COMESTIVEIS,C,37.88,2.0273972602739723,1.2059640372651772,10.8,0,11,2090.0
236,ROUPA,A,52.89,3.0,3.1529568697198753,0.6,0,1,500.0
9318,ROUPA,A,45.41,2.6666666666666665,1.1702519975414873,0.6,0,1,186.0
6173,PERFUMARIA,C,33.36,3.1630057803468206,1.1504456031050623,31.5,20,12,2196.0
4136,COMESTIVEIS,C,38.22,1.680104339577899,0.940391526668524,20.7,11,10,1500.0
10056,ROUPA,A,47.25,4.0,3.122807017543859,0.6,0,1,500.0
264,ROUPA,A,52.65,4.0,3.1200128184585805,0.6,0,1,500.0
6695,ROUPA,A,48.28,3.0,2.718045112781955,0.6,0,1,436.0
2267,COMESTIVEIS,C,17.19,4.55125284738041,0.9344138070394592,62.7,0,63,9450.0
7080,ROUPA,A,52.75,4.0,4.167539267015707,0.6,0,1,670.0
10069,ROUPA,A,46.83,4.0,3.1089309878213807,0.6,0,1,500.0
4062,COMESTIVEIS,C,40.64,1.4285714285714286,0.8699067255768286,4.5,2,3,420.0
238,ROUPA,A,53.51,3.0,3.0975056689342404,0.6,0,1,500.0
196,ROUPA,A,53.17,4.0,3.0973986690865094,0.6,0,1,500.0
4424,ACESSORIOS,B,57.18,1.0,0.6177931704247492,0.6,0,1,100.0
4273,ACESSORIOS,B,57.14,1.0,0.6177931704247492,0.6,0,1,100.0
6742,ROUPA,B,60.01,1.0,0.6177931704247492,0.6,0,1,100.0
39,LOJA DE BRINQUEDOS,C,42.63,1.6153846153846154,1.050200151465974,4.8,3,2,340.0
9117,ROUPA,B,59.99,1.875,2.4767645474137936,0.6,0,1,401.0
118,COMESTIVEIS,B,60.36,2.003777861730261,0.6149343001273044,13.5,0,14,1400.0
1030,LOJA DE BRINQUEDOS,C,39.09,2.739130434782609,1.6488500234233836,3.3,0,4,1080.0
4581,LOJA DE BRINQUEDOS,C,44.09,1.5384615384615385,1.0985317203804599,4.2,2,3,540.0
235,ROUPA,A,52.89,3.0,3.0502445531347266,0.6,0,1,500.0
1846,PERFUMARIA,A,46.84,2.6666666666666665,1.9500754673168466,2.1,0,3,960.0
87,COMESTIVEIS,C,33.56,1.2742759795570697,0.27382453151618397,27.6,10,18,810.0
8893,ROUPA,B,63.84,1.0,0.6177931704247492,0.6,0,1,102.0
3454,COMESTIVEIS,C,39.53,1.8278145695364238,0.7237725508106875,5.4,0,6,720.0
7106,ROUPA,A,46.95,4.0,3.0820471161657186,0.6,0,1,511.0
4800,PERFUMARIA,C,35.19,2.0172413793103448,0.8922605151364384,4.5,0,5,740.0
5049,COMESTIVEIS,B,49.44,1.7159460134966258,1.5070454084592058,33.6,1,33,8250.0
224,ROUPA,A,52.49,4.0,3.012622323074741,0.6,0,1,500.0
2913,PERFUMARIA,B,49.78,1.7777777777777777,1.4331423113658068,3.3,1,3,714.0
4832,PERFUMARIA,C,29.16,2.1869158878504673,0.7083386582786755,4.5,0,5,590.0
10042,ROUPA,A,46.94,4.0,2.996845425867508,0.6,0,1,500.0
8399,ROUPA,A,52.69,4.0,4.015683345780433,0.6,0,1,670.0
2731,COMESTIVEIS,C,33.81,1.2925260170293285,0.5975699337176699,39.6,29,11,1100.0
10159,ROUPA,C,33.43,3.0,1.3743482794577686,0.6,0,1,230.0
7848,ROUPA,A,49.01,4.0,3.7581427581427587,0.6,0,1,630.0
9305,ROUPA,A,48.05,2.6666666666666665,1.0852713178294575,0.6,0,1,182.0
308,BEBIDAS,B,53.54,1.753747301842277,1.6652488138959702,439.8,307,133,37240.0
481,BEBIDAS,C,34.14,3.369369369369369,1.6602507269173932,20.4,1,20,5600.0
228,ROUPA,A,53.36,3.0,2.961000349772648,0.6,0,1,500.0
2788,COMESTIVEIS,C,31.24,2.2755013077593724,0.976703095347163,19.2,12,8,1328.0
1717,PERFUMARIA,A,43.37,2.5,1.4686172267284667,2.1,0,3,750.0
7081,ROUPA,A,52.75,4.0,3.93492894540015,0.6,0,1,670.0
2780,COMESTIVEIS,C,43.9,1.9082568807339448,1.4084979255536727,5.4,0,6,1440.0
4016,COMESTIVEIS,C,38.54,2.5,1.553082191780822,6.0,0,6,1590.0
3444,COMESTIVEIS,A,41.48,3.60770299781616,2.340920788064061,114.9,22,93,37200.0
4659,LOJA DE BRINQUEDOS,C,41.27,2.6666666666666665,1.7552238805970148,0.6,0,1,300.0
9248,ROUPA,A,52.45,3.0,3.215558452846588,0.6,0,1,550.0
6696,ROUPA,A,48.28,3.0,2.5429645542427495,0.6,0,1,436.0
7687,ROUPA,B,57.07,1.0,0.6177931704247492,0.6,0,1,106.0
237,ROUPA,A,52.89,3.0,2.9058840966355417,0.6,0,1,500.0
9247,ROUPA,A,52.45,4.0,3.196001738374619,0.6,0,1,550.0
2775,COMESTIVEIS,C,40.5,2.0363636363636366,1.3199155925630206,4.5,0,5,1140.0
6110,PERFUMARIA,C,33.05,2.730275229357798,1.0552356849098385,46.2,24,23,4209.0
4985,BEBIDAS,C,42.15,2.2222222222222223,1.729086845466156,38.4,0,39,11700.0
948,LOJA DE BRINQUEDOS,C,37.16,2.5,1.38232044198895,2.1,0,3,720.0
12257,COMESTIVEIS,B,50.2,1.5966735966735965,1.395517867958813,5.4,4,2,488.0
2378,PERFUMARIA,C,38.96,2.528735632183908,1.2537356321839077,6.0,4,2,440.0
172,ROUPA,A,52.7,3.0,2.842265159800705,0.6,0,1,500.0
2846,PERFUMARIA,C,43.39,1.25,0.8054577464788732,2.1,1,2,284.0
2277,COMESTIVEIS,C,28.8,3.451171875,1.1328887939453125,78.6,0,79,15800.0
1080,LOJA DE BRINQUEDOS,C,39.29,2.204081632653061,1.355832324072233,4.5,0,5,1200.0
9083,ROUPA,A,49.05,4.0,3.556865464632455,0.6,0,1,630.0
5726,PERFUMARIA,A,49.42,2.3157894736842106,1.8065948002536463,4.5,0,5,1600.0
5218,PERFUMARIA,B,50.83,1.826086956521739,1.5211818133891655,2.4,2,1,270.0
367,COMESTIVEIS,B,47.43,2.0743301642178045,1.688100475868666,12.0,0,12,3600.0
5723,PERFUMARIA,B,48.39,2.1818181818181817,1.73157102944337,4.5,0,5,1540.0
1907,PERFUMARIA,A,62.02,2.27027027027027,2.8094942861298002,12.0,0,12,6000.0
9520,ROUPA,A,48.21,2.5,0.9735746982937994,2.1,0,3,522.0
1880,PERFUMARIA,C,29.57,2.0826446280991737,0.6707697256690337,4.5,0,5,600.0
3946,PERFUMARIA,B,53.15,1.894736842105263,1.676561908368042,4.5,1,4,1200.0
9086,ROUPA,A,49.05,4.0,3.501386962552011,0.6,0,1,630.0
9082,ROUPA,A,49.05,4.0,3.5,0.6,0,1,630.0
5735,PERFUMARIA,B,49.2,2.163934426229508,1.607580737212918,4.5,0,5,1450.0
307,BEBIDAS,B,53.54,1.6382374666472372,1.550495679062729,469.8,436,34,9520.0
2736,COMESTIVEIS,C,40.5,2.2090729783037477,1.268704057044951,13.8,0,14,3220.0
5805,ACESSORIOS,C,-9.33,1.0,0.6177931704247492,0.6,0,1,112.0
157,BEBIDAS,C,30.64,3.4285714285714284,7.144792655086849,5.7,0,6,7800.0
9718,ROUPA,B,47.73,1.6666666666666667,0.9995721009841677,2.1,1,2,364.0
124,COMESTIVEIS,B,48.81,1.9780903435217745,0.5481801865937608,39.6,0,40,4000.0
428,BEBIDAS,B,53.71,1.6809492419248515,1.533987358951491,17.1,11,7,1960.0
6166,PERFUMARIA,C,24.26,1.5254237288135595,0.35489976770197024,4.5,2,3,195.0
964,LOJA DE BRINQUEDOS,A,41.35,2.6666666666666665,1.7461368653421634,0.6,0,1,320.0
5734,PERFUMARIA,B,49.21,2.1818181818181817,1.8485212266724873,4.5,0,5,1700.0
5729,PERFUMARIA,B,48.21,2.1818181818181817,1.7389442124424457,2.1,0,3,960.0
1065,LOJA DE BRINQUEDOS,C,38.99,2.2857142857142856,1.3041741286678608,3.0,0,3,720.0
4031,COMESTIVEIS,C,38.62,1.937219730941704,1.1401545881660706,4.5,0,5,1050.0
12242,COMESTIVEIS,C,43.24,2.0,1.3568472535741158,4.5,0,5,1250.0
9239,ROUPA,A,52.52,2.4,2.560313315926893,0.6,0,1,472.0
6693,ROUPA,A,48.29,2.6666666666666665,2.362692445399212,0.6,0,1,436.0
4796,PERFUMARIA,B,55.51,1.8679245283018866,1.9052001840773123,4.5,1,4,1412.0
5771,PERFUMARIA,B,49.34,1.9404255319148938,1.5588396446219626,4.5,0,5,1450.0
9594,ROUPA,C,41.81,1.0,0.6177931704247492,0.6,0,1,115.0
272,ROUPA,A,52.53,4.0,2.6835274542429284,0.6,0,1,500.0
5716,PERFUMARIA,A,48.31,2.2857142857142856,1.820754716981132,3.0,0,3,1020.0
7847,ROUPA,A,49.01,4.0,3.370755370755371,0.6,0,1,630.0
1829,PERFUMARIA,C,37.4,1.9615384615384617,0.9588620142743854,4.5,0,5,900.0
5059,COMESTIVEIS,C,29.96,2.2136669874879695,1.0641413446995738,30.6,0,31,6200.0
4979,COMESTIVEIS,C,40.26,1.9726027397260275,1.0609616329203733,11.4,0,12,2400.0
210,ROUPA,A,52.64,4.0,2.652089739209657,0.6,0,1,500.0
915,LOJA DE BRINQUEDOS,C,38.61,2.6666666666666665,1.5897435897435896,0.6,0,1,300.0
6194,PERFUMARIA,C,28.7,1.8974918211559433,0.5825531292390351,11.7,0,12,1320.0
9764,ROUPA,A,49.44,2.4,0.984737889847379,2.1,0,3,558.0
7064,ROUPA,A,57.47,3.0,3.8587453261321145,0.6,0,1,732.0
4011,COMESTIVEIS,C,37.08,2.1,1.228141025641026,6.0,0,6,1398.0
3095,PERFUMARIA,C,37.6,2.097902097902098,1.0534084427889738,11.1,0,12,2400.0
6692,ROUPA,A,48.29,2.6666666666666665,2.289294665234515,0.6,0,1,436.0
183,ROUPA,A,53.51,3.0,2.621315192743764,0.6,0,1,500.0
7855,ROUPA,B,51.72,1.0,0.6177931704247492,0.6,0,1,118.0
7851,ROUPA,B,51.72,1.0,0.6177931704247492,0.6,0,1,118.0
7171,ROUPA,B,51.76,1.0,0.6177931704247492,0.6,0,1,118.0
4804,PERFUMARIA,C,20.01,2.0826446280991737,0.3921028466483012,4.5,0,5,375.0
3726,PERFUMARIA,B,47.9,1.9354838709677418,1.4519966232636667,4.5,0,5,1400.0
5759,PERFUMARIA,A,48.97,3.0,2.339652448657188,0.6,0,1,452.0
2800,COMESTIVEIS,B,50.53,1.958251172910859,1.8021864214541194,35.7,1,35,12250.0
907,LOJA DE BRINQUEDOS,C,38.61,2.6666666666666665,1.5434891905480141,0.6,0,1,300.0
8127,ROUPA,A,45.47,3.0,2.1589403973509937,0.6,0,1,420.0
3231,PERFUMARIA,B,60.28,1.3333333333333333,1.6387773445330334,3.9,2,2,640.0
2360,PERFUMARIA,C,38.32,2.1818181818181817,1.022370299857211,4.8,0,5,1000.0
9390,ROUPA,A,53.6,4.0,1.3564055859137825,0.6,0,1,266.0
2772,COMESTIVEIS,C,24.75,2.4,0.7124676923076924,18.3,0,19,2660.0
8125,ROUPA,A,45.47,3.0,2.134488028527764,0.6,0,1,420.0
226,ROUPA,A,52.7,3.0,2.5372463239761816,0.6,0,1,500.0
7065,ROUPA,A,57.47,3.0,3.703780639800582,0.6,0,1,732.0
5698,PERFUMARIA,B,48.57,2.142857142857143,1.7101713206529072,4.5,0,5,1700.0
353,COMESTIVEIS,B,47.51,1.734132685923797,1.3567831089715152,37.2,0,38,10260.0
4840,PERFUMARIA,C,30.26,2.0377358490566038,0.7430449463349129,4.5,0,5,740.0
2806,COMESTIVEIS,C,39.9,2.4092664092664093,1.5404590038130408,34.2,0,35,10745.0
946,LOJA DE BRINQUEDOS,C,39.46,2.2992700729927007,1.4544512316139988,4.5,0,5,1450.0
9734,ROUPA,A,54.17,3.0,1.7513241525423728,0.6,0,1,350.0
5206,PERFUMARIA,B,50.62,1.8181818181818181,1.4375,2.1,1,2,576.0
2742,COMESTIVEIS,C,33.3,1.8971000935453697,0.8982723339569693,10.8,2,9,1620.0
186,ROUPA,A,53.33,2.526315789473684,2.4938899665627567,2.4,0,3,1500.0
7497,ROUPA,A,48.24,4.0,3.4412989175686928,0.6,0,1,690.0
10014,ROUPA,A,47.2,4.0,2.4912657064051484,0.6,0,1,500.0
6784,ROUPA,B,55.44,1.0,0.6177931704247492,0.6,0,1,124.0
4785,PERFUMARIA,C,34.4,2.4,1.0494570784675272,4.5,0,5,1055.0
2377,PERFUMARIA,C,35.34,2.446601941747573,1.093813762640418,4.5,0,5,1100.0
7498,ROUPA,A,48.24,4.0,3.4304746044962533,0.6,0,1,690.0
1999,PERFUMARIA,C,40.84,2.511627906976744,1.4384114021962415,4.5,0,5,1450.0
3643,PERFUMARIA,A,46.41,2.4,1.5837122158381214,2.1,0,3,960.0
5830,ACESSORIOS,B,54.15,1.0,0.6177931704247492,0.6,0,1,125.0
4842,PERFUMARIA,C,28.89,2.10989010989011,0.7301803998049732,4.5,0,5,740.0
6092,PERFUMARIA,C,28.35,1.8649517684887462,0.5900971126051513,11.7,0,12,1440.0
243,ROUPA,A,53.69,2.5,2.4582830719742663,2.4,0,3,1500.0
375,COMESTIVEIS,B,47.31,1.8181818181818181,1.474150525472454,11.4,0,12,3600.0
6676,ROUPA,B,54.12,1.0,0.6177931704247492,0.6,0,1,126.0
4004,COMESTIVEIS,C,38.54,2.142857142857143,1.2981898238747551,4.2,0,5,1325.0
5717,PERFUMARIA,B,48.15,2.142857142857143,1.6652661064425769,4.5,0,5,1700.0
4847,PERFUMARIA,C,32.91,2.184873949579832,0.8814600840336135,9.0,0,9,1620.0
3553,PERFUMARIA,B,45.07,2.057142857142857,1.360916519525315,3.3,0,4,1120.0
9952,ROUPA,A,47.27,3.0,2.4294918998527244,0.6,0,1,500.0
1072,LOJA DE BRINQUEDOS,C,38.84,1.4,0.8229268292682927,3.3,3,1,170.0
4814,PERFUMARIA,C,34.69,2.5714285714285716,1.1486793524566885,4.5,0,5,1190.0
6102,PERFUMARIA,C,34.29,1.7130620985010707,0.4820056067612162,17.1,0,18,1800.0
246,ROUPA,A,51.16,3.0,2.403824521934758,0.6,0,1,500.0
2172,PERFUMARIA,B,62.02,2.0625,2.3881425233644857,11.7,0,12,6000.0
5842,ACESSORIOS,B,53.98,1.0,0.6177931704247492,0.6,0,1,130.0
7133,ROUPA,B,54.51,1.0,0.6177931704247492,0.6,0,1,130.0
5841,ACESSORIOS,C,-9.82,1.0,0.6177931704247492,0.6,0,1,130.0
2773,COMESTIVEIS,C,32.99,2.0813008130081303,0.9979146571126728,11.4,0,12,2520.0
7104,ROUPA,A,46.95,3.0,2.426990251827782,0.6,0,1,511.0
9244,ROUPA,A,47.93,4.0,2.6110386788352886,0.6,0,1,550.0
1665,PERFUMARIA,C,40.78,2.3684210526315788,1.280069380454225,4.2,0,5,1350.0
902,LOJA DE BRINQUEDOS,C,38.61,2.4,1.4199095022624435,2.1,0,3,900.0
11292,LOJA DE BRINQUEDOS,C,41.82,1.7619377162629757,0.9432946689589635,20.4,7,14,2800.0
310,BEBIDAS,B,54.84,1.3224186209310465,1.3203058764049311,636.3,557,80,22400.0
94,COMESTIVEIS,B,47.03,1.6708662538258952,1.3179034403534777,37.2,18,20,5600.0
9737,ROUPA,A,48.35,4.0,1.585703104617793,0.6,0,1,338.0
1990,PERFUMARIA,C,41.59,1.6666666666666667,0.9851059366477869,2.1,1,2,420.0
248,ROUPA,A,52.46,4.0,2.337751175716118,0.6,0,1,500.0
9316,ROUPA,B,45.42,1.6666666666666667,0.8644936449364494,2.1,1,2,372.0
3406,LOJA DE BRINQUEDOS,C,39.92,2.0425531914893615,1.2996806586895464,4.5,0,5,1400.0
9953,ROUPA,A,47.27,3.0,2.31719440353461,0.6,0,1,500.0
10058,ROUPA,A,46.83,3.0,2.3095399188092016,0.6,0,1,500.0
9253,ROUPA,A,52.46,2.6666666666666665,2.53715775749674,0.6,0,1,550.0
10019,ROUPA,A,46.95,3.0,2.3030905077262696,0.6,0,1,500.0
5719,PERFUMARIA,B,49.29,2.1176470588235294,1.633059954751131,4.5,0,5,1775.0
3504,COMESTIVEIS,C,32.62,2.2747252747252746,1.0339982146704838,6.3,0,7,1575.0
4819,PERFUMARIA,C,27.87,2.0,0.6659367396593675,4.8,0,5,725.0
4838,PERFUMARIA,C,27.15,2.357142857142857,0.7127256518832181,4.2,1,4,624.0
908,LOJA DE BRINQUEDOS,C,38.61,2.4,1.3665158371040724,2.1,0,3,900.0
4791,PERFUMARIA,C,35.6,1.4893617021276595,0.6540298309075546,4.5,3,2,288.0
395,COMESTIVEIS,C,44.53,1.829268292682927,0.9062311471171247,4.2,0,5,1000.0
2798,COMESTIVEIS,B,47.01,1.83206106870229,1.552488177814958,16.2,0,17,5848.0
241,ROUPA,A,50.65,2.6666666666666665,2.251887167262614,0.6,0,1,500.0
9720,ROUPA,B,46.76,2.0869565217391304,0.8167995397386373,3.0,0,3,546.0
6153,PERFUMARIA,B,52.02,1.1318327974276527,0.9869589643672527,17.4,16,2,440.0
2167,PERFUMARIA,B,62.02,1.6666666666666667,2.2398753894080996,3.6,1,3,1500.0
9317,ROUPA,B,45.42,2.0,0.831980319803198,2.1,1,2,372.0
2404,PERFUMARIA,C,39.8,2.2,1.1974064889439968,4.5,0,5,1350.0
2359,PERFUMARIA,C,34.09,2.172413793103448,0.8817733990147781,4.8,0,5,1000.0
10132,ROUPA,A,47.23,3.0,2.414351425942962,0.6,0,1,550.0
5656,PERFUMARIA,B,67.68,1.366795366795367,0.7404853833425262,17.1,2,16,2720.0
4233,ACESSORIOS,B,57.2,1.0,0.6177931704247492,0.6,0,1,142.0
3252,PERFUMARIA,B,60.71,1.1851851851851851,1.3872468272468272,6.9,4,3,960.0
2801,COMESTIVEIS,C,28.37,2.3973214285714284,0.9177848164405428,27.6,1,27,5724.0
1070,LOJA DE BRINQUEDOS,C,40.35,2.3300970873786406,1.4681781705980086,4.8,0,5,1700.0
10130,ROUPA,A,38.87,4.0,2.3681135225375627,0.6,0,1,550.0
2276,COMESTIVEIS,C,26.08,2.0202714310255967,0.6445302887494949,30.6,0,31,4650.0
7435,ROUPA,A,47.97,3.0,2.4703683929524822,0.6,0,1,575.0
2283,COMESTIVEIS,C,25.88,2.154850746268657,0.6847267043162565,29.4,0,30,4800.0
9330,ROUPA,A,54.12,3.0,1.4925925925925927,0.6,0,1,350.0
7772,ROUPA,B,49.74,1.0,0.6177931704247492,0.6,0,1,145.0
3443,COMESTIVEIS,A,43.37,3.0598525372271217,2.127191602389112,128.7,104,25,12500.0
119,COMESTIVEIS,C,43.51,2.125,0.42359882005899707,12.3,0,13,1300.0
2794,COMESTIVEIS,C,34.29,1.878877400295421,0.9317344084621498,12.6,1,12,2640.0
5725,PERFUMARIA,B,49.42,1.71875,1.3539156626506024,4.2,1,4,1280.0
1998,PERFUMARIA,C,39.65,2.5185185185185186,1.3486944988815648,4.5,2,3,960.0
2279,COMESTIVEIS,C,23.81,2.767203513909224,0.8826773252396576,55.2,0,56,11760.0
240,ROUPA,A,50.65,2.5,2.0736988478347236,2.1,0,3,1500.0
5779,ACESSORIOS,B,54.04,1.0,0.6177931704247492,0.6,0,1,150.0
6263,PERFUMARIA,B,45.84,1.0,0.6177931704247492,0.6,0,1,150.0
239,ROUPA,A,50.65,2.307692307692308,2.056110754561291,2.1,0,3,1500.0
9251,ROUPA,A,52.45,4.0,2.2607561929595823,0.6,0,1,550.0
231,ROUPA,A,52.1,2.4,2.048286922291879,2.1,0,3,1500.0
242,ROUPA,A,53.36,2.4,2.0469394893319346,2.1,0,3,1500.0
3550,PERFUMARIA,B,58.79,1.6666666666666667,1.9630006213636106,3.6,1,3,1440.0
9250,ROUPA,A,52.46,2.6666666666666665,2.2396059684195277,0.6,0,1,550.0
3746,PERFUMARIA,B,47.65,2.2325581395348837,1.6924799471375345,4.5,0,5,2100.0
1688,PERFUMARIA,C,42.18,2.3333333333333335,1.4103558866128698,5.1,0,6,2100.0
185,ROUPA,C,43.12,2.4,2.0054495912806534,2.1,0,3,1500.0
1974,PERFUMARIA,A,45.84,2.8956602031394274,1.803784745545952,35.4,12,24,10800.0
9249,ROUPA,A,52.46,2.6666666666666665,2.202230914095321,0.6,0,1,550.0
3790,PERFUMARIA,A,48.58,2.5,1.9215775710028582,4.5,0,5,2400.0
1831,PERFUMARIA,C,36.31,2.173228346456693,0.9978385054809327,5.4,0,6,1500.0
7706,ROUPA,B,66.4,1.0,0.6177931704247492,0.6,0,1,155.0
1949,PERFUMARIA,C,33.14,2.6666666666666665,0.9949494949494949,6.0,0,6,1500.0
391,COMESTIVEIS,B,44.53,1.107843137254902,0.7955899674357375,75.3,47,29,5800.0
191,ROUPA,A,51.49,2.4,1.9869514040692786,2.1,0,3,1500.0
244,ROUPA,A,51.49,2.4,1.980897931730284,2.1,0,3,1500.0
7611,ROUPA,B,51.57,1.0,0.6177931704247492,0.6,0,1,156.0
2157,PERFUMARIA,C,37.05,1.683257918552036,0.7892635501449924,5.4,5,1,200.0
3178,PERFUMARIA,C,39.18,2.129032258064516,1.1394339308171335,4.5,0,5,1450.0
1075,LOJA DE BRINQUEDOS,A,38.6,4.0,2.3959276018099547,0.6,0,1,610.0
4560,LOJA DE BRINQUEDOS,B,44.06,1.0,0.6177931704247492,0.6,0,1,160.0
4981,COMESTIVEIS,C,38.03,1.2857142857142858,0.7333629103815439,6.0,3,3,570.0
1975,PERFUMARIA,A,45.03,3.0133630289532296,1.7368574757739792,28.5,3,26,11700.0
5209,PERFUMARIA,A,50.65,3.0,2.3348984494431098,2.1,0,3,1815.0
4795,PERFUMARIA,B,61.25,1.0232558139534884,1.3466899224806204,11.4,6,6,2094.0
7082,ROUPA,A,52.75,2.6666666666666665,2.5824299065420564,0.6,0,1,670.0
9309,ROUPA,B,46.7,1.3333333333333333,0.7003918275958577,2.4,2,1,182.0
2785,COMESTIVEIS,C,37.36,2.5609756097560976,1.4465566714490674,13.8,0,14,5292.0
10612,ROUPA,A,46.67,4.0,3.2478024277940563,0.6,0,1,850.0
10136,ROUPA,A,46.74,3.0,2.101098901098901,0.6,0,1,550.0
5738,PERFUMARIA,A,49.48,2.2372881355932206,1.3923548503425893,4.5,0,5,1825.0
6834,ROUPA,B,55.51,1.0,0.6177931704247492,0.6,0,1,162.0
5647,PERFUMARIA,B,60.29,1.84115523465704,1.9277147927028613,12.6,0,13,6630.0
3439,COMESTIVEIS,C,42.02,1.6502874096050435,0.7516528450034208,14.1,2,13,2600.0
969,LOJA DE BRINQUEDOS,C,38.95,1.7647058823529411,1.080592867068087,2.1,1,2,580.0
1836,PERFUMARIA,C,37.36,1.5246636771300448,0.7075852277646,4.5,4,1,190.0
4639,LOJA DE BRINQUEDOS,B,46.09,1.0509554140127388,0.8191967217151487,38.7,20,19,4180.0
359,COMESTIVEIS,C,43.36,1.7156997525433049,1.042497131967423,35.1,0,36,10080.0
926,LOJA DE BRINQUEDOS,C,39.12,1.92,1.1889752650176677,3.0,0,3,960.0
2799,COMESTIVEIS,B,45.35,1.884057971014493,1.4798052669830275,12.6,0,13,5200.0
8557,ROUPA,B,54.59,1.0,0.6177931704247492,0.6,0,1,167.0
7209,ROUPA,B,54.59,1.0,0.6177931704247492,0.6,0,1,167.0
2915,PERFUMARIA,B,49.87,1.736842105263158,1.4316160118606376,4.2,1,4,1548.0
1865,PERFUMARIA,A,45.89,2.4,1.6541895066562258,2.1,0,3,1350.0
127,COMESTIVEIS,B,67.18,1.4384410983170948,0.9150560496884679,10.5,4,7,1750.0
9481,ROUPA,B,53.41,1.0,0.6177931704247492,0.6,0,1,169.0
9480,ROUPA,B,53.41,1.0,0.6177931704247492,0.6,0,1,169.0
3263,PERFUMARIA,C,35.93,1.0,0.6177931704247492,0.6,0,1,170.0
9739,ROUPA,A,44.98,2.6666666666666665,1.2242364853829824,0.6,0,1,338.0
187,ROUPA,A,53.36,2.4,1.8046169989506824,2.1,0,3,1500.0
3767,PERFUMARIA,B,47.62,2.0,1.514189886480908,4.5,0,5,2100.0
9246,ROUPA,A,52.45,2.4,1.9813993915688828,2.1,0,3,1650.0
3763,PERFUMARIA,B,47.78,2.0,1.4982342007434946,4.2,0,5,2100.0
1029,LOJA DE BRINQUEDOS,C,39.09,1.696969696969697,0.9520966462988013,3.3,1,3,810.0
12270,COMESTIVEIS,C,30.88,0.9443926685305997,0.3494571317066755,65.7,44,22,2200.0
2787,COMESTIVEIS,C,36.68,2.303370786516854,1.1765163460179493,18.3,0,19,6403.0
4155,COMESTIVEIS,B,48.99,0.8733798604187438,0.7481856317838936,66.3,47,20,4300.0
12263,COMESTIVEIS,C,23.89,1.9808306709265175,0.3473764011479937,5.4,1,5,500.0
5258,PERFUMARIA,C,39.8,2.3076923076923075,1.2840903298159756,2.1,0,3,1110.0
9252,ROUPA,A,52.46,3.0,1.9064537157757495,0.6,0,1,550.0
3458,COMESTIVEIS,C,40.96,2.5846833578792343,1.732964799103902,60.3,0,61,30500.0
361,COMESTIVEIS,C,33.6,1.9018404907975461,0.37830586148274076,11.1,0,12,1320.0
5628,PERFUMARIA,B,67.11,1.4573705179282868,0.9279560122084759,15.0,2,13,3510.0
3100,PERFUMARIA,A,43.34,2.6341463414634148,1.64337816275359,4.5,0,5,2400.0
12097,COMESTIVEIS,C,33.03,2.6341463414634148,1.1248861451270116,6.0,0,6,1980.0
1980,PERFUMARIA,C,39.25,1.8181818181818181,0.8854342683338966,2.1,1,2,520.0
12123,COMESTIVEIS,C,14.0,2.3551401869158877,0.27233210171701805,6.9,0,7,560.0
1832,PERFUMARIA,C,37.16,1.7757847533632287,0.8509011783532987,4.5,2,3,750.0
9307,ROUPA,B,48.02,1.0,0.6177931704247492,0.6,0,1,182.0
9301,ROUPA,B,45.36,1.5384615384615385,0.6176526176526176,2.1,1,2,364.0
2740,COMESTIVEIS,C,42.09,1.5238095238095237,1.012347002590905,4.5,4,1,300.0
3404,LOJA DE BRINQUEDOS,C,39.86,1.75,1.1101954661114966,4.8,2,3,990.0
7930,ROUPA,B,64.14,1.0,0.6177931704247492,0.6,0,1,184.0
7927,ROUPA,B,64.14,1.0,0.6177931704247492,0.6,0,1,184.0
9323,ROUPA,B,44.95,1.0,0.6177931704247492,0.6,0,1,186.0
9314,ROUPA,B,44.95,1.0,0.6177931704247492,0.6,0,1,186.0
5697,PERFUMARIA,B,49.31,2.163934426229508,1.7570927949138013,4.5,0,5,2650.0
5046,BEBIDAS,C,37.38,1.7901594376821532,0.9925211726384365,39.3,13,27,8100.0
7939,ROUPA,B,57.02,1.0,0.6177931704247492,0.6,0,1,188.0
3511,COMESTIVEIS,C,34.08,1.0392491467576792,0.4924436342951701,43.2,18,26,3900.0
2748,COMESTIVEIS,C,28.6,2.070165265294288,0.8190497894274886,43.2,1,43,10750.0
125,COMESTIVEIS,B,67.18,1.103671706263499,0.8189035294866829,39.9,27,13,3250.0
3524,BEBIDAS,A,51.59,2.4285714285714284,2.444629363080245,5.1,0,6,4500.0
373,COMESTIVEIS,C,23.2,3.0201342281879193,0.8141801279172785,18.6,0,19,4750.0
2733,COMESTIVEIS,B,44.48,1.7323219965745045,0.7157433661010282,16.8,0,17,3740.0
7813,ROUPA,B,67.84,1.0,0.6177931704247492,0.6,0,1,190.0
7156,ROUPA,B,67.67,1.0,0.6177931704247492,0.6,0,1,190.0
1901,PERFUMARIA,C,24.41,2.1818181818181817,0.5524835988753514,4.5,0,5,850.0
3456,COMESTIVEIS,C,34.36,3.2142857142857144,1.6168280871670704,66.3,0,67,33500.0
4007,COMESTIVEIS,C,37.05,1.820480404551201,1.0056010917524132,10.2,0,11,3432.0
7800,ROUPA,B,56.29,1.0,0.6177931704247492,0.6,0,1,192.0
2185,PERFUMARIA,C,36.23,1.8857758620689657,0.868722735770669,6.3,1,6,1620.0
4053,COMESTIVEIS,C,37.41,2.0881670533642693,1.154131482231466,5.4,0,6,2160.0
4052,COMESTIVEIS,C,35.76,2.1951219512195124,1.153270509977827,12.3,0,13,4680.0
7270,ROUPA,B,57.15,1.0,0.6177931704247492,0.6,0,1,194.0
2770,COMESTIVEIS,C,27.73,2.318840579710145,0.8559940854171098,4.8,0,5,1345.0
923,LOJA DE BRINQUEDOS,C,38.89,2.142857142857143,1.3328307576328684,2.1,0,3,1260.0
128,COMESTIVEIS,B,58.0,1.8946564885496182,0.7916279614950696,12.0,0,12,3000.0
3442,COMESTIVEIS,C,40.96,2.268256013745704,1.5610731974896341,55.2,1,55,27500.0
4039,COMESTIVEIS,C,38.23,2.5925925925925926,1.5288261063087123,4.8,0,5,2450.0
12567,COMESTIVEIS,C,28.74,2.0856741573033704,0.6281368862851396,45.0,5,40,8120.0
9743,ROUPA,B,53.54,1.0,0.6177931704247492,0.6,0,1,200.0
9353,ROUPA,B,53.77,1.0,0.6177931704247492,0.6,0,1,200.0
9352,ROUPA,B,53.77,1.0,0.6177931704247492,0.6,0,1,200.0
9367,ROUPA,B,53.5,1.0,0.6177931704247492,0.6,0,1,200.0
897,ELETRONICA,C,29.32,2.238095238095238,0.4936299676744628,14.7,3,12,1920.0
5052,BEBIDAS,C,37.38,1.6572504708097928,0.9225160075329567,39.9,19,21,6300.0
4008,COMESTIVEIS,C,39.1,0.695054945054945,0.3841217376373626,49.2,44,6,750.0
1669,PERFUMARIA,B,46.6,1.9521531100478469,1.3827751196172249,4.8,0,5,2250.0
2168,PERFUMARIA,B,62.02,1.349056603773585,1.5215129606771292,11.1,11,1,500.0
1671,PERFUMARIA,C,41.2,2.267716535433071,1.3665131481206358,5.4,0,6,2700.0
2761,COMESTIVEIS,C,42.78,1.7272727272727273,0.9955507455507455,9.9,0,10,3280.0
10713,ROUPA,A,46.93,4.0,3.003506632108553,0.6,0,1,1000.0
12090,COMESTIVEIS,C,23.86,1.8666666666666667,0.5103811841038117,5.1,0,6,1020.0
4988,BEBIDAS,C,37.38,1.6061581965281595,0.8984833870080904,47.1,27,21,6300.0
7354,ROUPA,B,53.44,1.0,0.6177931704247492,0.6,0,1,208.0
11022,ROUPA,A,46.16,4.0,2.672049394443125,0.6,0,1,900.0
4792,PERFUMARIA,C,34.38,2.1951219512195124,0.9387604265653047,4.5,0,5,1585.0
12126,COMESTIVEIS,C,39.31,2.1818181818181817,1.2433243324332433,4.8,0,5,2100.0
85,COMESTIVEIS,B,47.2,1.6841317365269461,0.5918465842334277,18.6,0,19,3800.0
5652,PERFUMARIA,B,71.56,1.4934738955823292,0.7653078530337566,12.9,1,12,3120.0
12102,COMESTIVEIS,B,45.21,1.3846153846153846,0.9655282476859239,5.1,3,3,990.0
9738,ROUPA,A,48.33,2.6666666666666665,0.9871326725786818,0.6,0,1,338.0
2158,PERFUMARIA,C,27.46,2.4,0.7551440329218108,2.1,0,3,780.0
4942,ROUPA,A,55.07,4.0,3.1423197492163015,0.6,0,1,1100.0
89,COMESTIVEIS,B,46.95,1.9932049830124576,0.8828580253268816,11.4,0,12,3720.0
3509,COMESTIVEIS,C,29.3,1.506024096385542,0.5682904029912754,10.8,10,1,200.0
5061,COMESTIVEIS,C,19.64,1.9793072424651372,0.5672645279546349,30.0,0,30,6000.0
4137,COMESTIVEIS,C,14.2,2.120545073375262,0.42340545344758573,40.5,1,40,6000.0
4927,ROUPA,A,50.97,3.0,2.817036592681464,0.6,0,1,1000.0
916,LOJA DE BRINQUEDOS,C,38.61,1.4285714285714286,0.8450046685340803,2.1,2,1,300.0
5027,BEBIDAS,C,37.38,1.5556980285302133,0.8385728482128547,40.2,28,13,3900.0
370,COMESTIVEIS,B,47.31,1.766630316248637,0.8384396342797444,9.9,0,10,3000.0
3391,LOJA DE BRINQUEDOS,C,42.02,1.6730038022813687,1.1167536904787934,4.8,2,3,1200.0
12262,COMESTIVEIS,C,30.87,1.7278481012658229,0.5558962661032479,4.5,3,2,400.0
5866,ACESSORIOS,C,6.03,4.0,0.1883445945945946,0.6,0,1,68.0
4658,LOJA DE BRINQUEDOS,A,41.24,4.0,2.655625356938892,0.6,0,1,960.0
1677,PERFUMARIA,C,44.36,1.9773755656108596,1.2996062369655401,4.5,1,4,1880.0
5622,PERFUMARIA,B,60.29,1.7663817663817662,1.4066899829611694,10.5,0,11,5610.0
4831,PERFUMARIA,C,21.9,2.4123711340206184,0.5497473216090559,4.5,0,5,1000.0
4935,ROUPA,A,43.26,3.0,2.193695983731571,0.6,0,1,800.0
5648,PERFUMARIA,B,60.29,1.8012866333095068,1.3940708254079792,11.1,1,11,5610.0
11141,ROUPA,A,46.95,4.0,3.0040485829959516,0.6,0,1,1100.0
1828,PERFUMARIA,C,25.36,1.9065420560747663,0.48932941516523754,4.5,0,5,900.0
232,ROUPA,B,52.1,1.6666666666666667,1.3531612965932838,2.1,1,2,1000.0
1870,PERFUMARIA,B,45.84,1.8181818181818181,1.2949210413999148,2.1,1,2,960.0
126,COMESTIVEIS,B,58.0,1.6702014846235418,0.6738082201818429,11.1,1,11,2750.0
10236,ROUPA,B,46.81,1.0,0.6177931704247492,0.6,0,1,230.0
10169,ROUPA,B,47.2,1.0,0.6177931704247492,0.6,0,1,230.0
55,ELETRONICA,C,24.33,2.1376433785192908,0.26774671398586686,12.6,0,13,1300.0
2194,PERFUMARIA,C,42.47,1.7673130193905817,1.0652220157322019,4.8,1,4,1600.0
4104,BAZAR,C,30.04,2.2784810126582276,0.9429505701858116,4.5,0,5,1775.0
1370,PERFUMARIA,C,43.58,1.1199999999999999,0.7168354430379746,4.8,4,1,270.0
4812,PERFUMARIA,C,27.0,2.1052631578947367,0.5554603120178295,5.4,0,6,1272.0
9740,ROUPA,B,44.98,2.142857142857143,0.8838454539091481,2.1,0,3,1014.0
5062,COMESTIVEIS,C,19.64,1.7687107677450506,0.5216655212968658,29.7,1,29,5800.0
4949,ROUPA,A,42.54,4.0,2.8629989212513487,0.6,0,1,1100.0
2069,PERFUMARIA,A,44.67,2.3333333333333335,1.453823701109165,2.4,0,3,1680.0
8039,ROUPA,B,55.79,1.0,0.6177931704247492,0.6,0,1,239.0
8037,ROUPA,B,55.79,1.0,0.6177931704247492,0.6,0,1,239.0
4939,ROUPA,A,43.04,4.0,2.8281836557897773,0.6,0,1,1100.0
11280,LOJA DE BRINQUEDOS,C,38.74,2.1157613535173643,1.281466568585698,42.3,0,43,21500.0
2752,COMESTIVEIS,C,38.01,1.870975792363364,1.1480280602695283,18.9,1,18,8100.0
7760,ROUPA,B,64.87,1.0,0.6177931704247492,0.6,0,1,244.0
934,LOJA DE BRINQUEDOS,C,39.01,1.9090909090909092,1.1365083960625362,2.4,1,2,900.0
9243,ROUPA,A,47.94,2.6666666666666665,1.3770824279298857,0.6,0,1,550.0
4941,ROUPA,A,42.63,4.0,2.747962382445141,0.6,0,1,1100.0
9342,ROUPA,A,46.04,2.4,0.8404595404595404,2.1,0,3,1014.0
4141,COMESTIVEIS,B,44.38,0.7854230377166157,0.5678020803572373,54.6,52,3,690.0
1825,PERFUMARIA,C,22.41,2.090909090909091,0.46829640947288015,4.8,1,4,760.0
2811,COMESTIVEIS,B,60.04,1.4059151307329618,0.7116725105928482,12.6,0,13,3770.0
8510,ROUPA,B,65.66,1.0,0.6177931704247492,0.6,0,1,252.0
9093,ROUPA,B,65.67,1.0,0.6177931704247492,0.6,0,1,252.0
4820,PERFUMARIA,C,14.85,2.0,0.28550276812153985,4.5,0,5,585.0
6094,PERFUMARIA,C,18.43,1.8037974683544304,0.29101265822784805,13.2,0,14,1680.0
3384,LOJA DE BRINQUEDOS,C,42.66,1.4742268041237112,0.9195542191676211,4.5,3,2,760.0
4951,ROUPA,A,38.68,3.0,1.9160488879983972,0.6,0,1,800.0
3447,COMESTIVEIS,C,34.36,2.34375,1.1933924788135593,5.1,0,6,3000.0
2755,COMESTIVEIS,C,38.83,1.2451923076923077,0.7055366275283481,41.4,32,10,2960.0
9245,ROUPA,B,52.45,1.75,1.2830291177748803,2.4,1,2,1100.0
455,BEBIDAS,B,71.87,1.3924843423799582,3.265687615482447,15.0,7,8,11200.0
9392,ROUPA,B,53.6,1.0,0.6177931704247492,0.6,0,1,266.0
9393,ROUPA,B,53.6,1.0,0.6177931704247492,0.6,0,1,266.0
9391,ROUPA,B,53.6,1.0,0.6177931704247492,0.6,0,1,266.0
4931,ROUPA,C,9.98,3.0,1.8499008155168617,0.6,0,1,800.0
6431,PERFUMARIA,B,46.18,1.6666666666666667,1.1086520947176683,2.1,1,2,960.0
129,COMESTIVEIS,B,54.45,1.972318339100346,0.6906023210950178,10.5,0,11,3300.0
4082,BAZAR,C,30.01,2.119205298013245,0.8342650726756687,4.5,0,5,1850.0
4811,PERFUMARIA,C,21.91,2.207792207792208,0.4324714919227115,4.8,0,5,960.0
927,LOJA DE BRINQUEDOS,C,40.86,2.6666666666666665,1.6889699918896997,3.3,0,4,3000.0
2774,COMESTIVEIS,C,31.35,2.081982840800763,0.8996179003225051,10.5,0,11,4400.0
4946,ROUPA,A,42.88,4.0,2.4681668496158067,0.6,0,1,1100.0
1925,PERFUMARIA,C,41.27,1.7333333333333334,1.0095928685470996,4.5,2,3,1350.0
10708,ROUPA,A,38.08,4.0,2.2365059744540585,0.6,0,1,1000.0
4024,COMESTIVEIS,C,36.31,1.9830508474576272,1.0948689766876845,4.2,1,4,1960.0
234,ROUPA,B,47.68,1.6666666666666667,1.1145240803943877,2.1,1,2,1000.0
4462,ROUPA,A,53.87,2.6666666666666665,2.896961525978079,0.6,0,1,1300.0
4108,BAZAR,C,30.01,2.1411764705882352,0.8212566844919786,4.8,0,5,1850.0
6724,ROUPA,B,67.87,1.0,0.6177931704247492,0.6,0,1,280.0
7258,ROUPA,B,61.62,1.0,0.6177931704247492,0.6,0,1,280.0
2410,PERFUMARIA,C,38.29,2.8767123287671232,1.453503688092729,4.5,3,2,1320.0
1092,LOJA DE BRINQUEDOS,C,44.28,1.68,1.2274725274725276,2.4,1,2,1120.0
4943,ROUPA,A,42.63,4.0,2.402507836990596,0.6,0,1,1100.0
1139,PERFUMARIA,C,37.01,1.5019762845849802,0.6986157305639242,4.8,4,1,320.0
9242,ROUPA,A,47.94,2.6666666666666665,1.1893379689989858,0.6,0,1,550.0
4115,BAZAR,C,31.71,1.945945945945946,0.8420512984828337,3.3,1,3,1170.0
4945,ROUPA,A,42.88,4.0,2.369923161361142,0.6,0,1,1100.0
2409,PERFUMARIA,C,39.83,2.6470588235294117,1.4155276816608997,4.5,3,2,1320.0
4103,BAZAR,C,30.04,1.8692810457516338,0.7593911108987325,4.5,0,5,1775.0
7527,ROUPA,B,57.37,1.0,0.6177931704247492,0.6,0,1,290.0
11086,ROUPA,A,46.46,4.0,2.6504065040650406,0.6,0,1,1250.0
357,COMESTIVEIS,C,43.15,1.4851740438332617,0.6279123039666833,36.6,0,37,11100.0
2808,COMESTIVEIS,C,31.14,2.1941323345817727,0.9626813087855638,12.3,1,12,5520.0
2778,COMESTIVEIS,B,44.98,1.56144578313253,0.30070502663788423,6.9,0,7,1008.0
3528,COMESTIVEIS,C,18.72,3.046153846153846,0.6076923076923076,6.6,2,5,1460.0
5653,PERFUMARIA,B,71.65,1.4563997960224375,0.5192685947402929,12.6,1,12,3000.0
12116,COMESTIVEIS,C,26.04,2.2978723404255317,0.6835011736200499,5.1,0,6,1980.0
109,COMESTIVEIS,A,56.62,3.1123287671232878,0.807618271630086,27.6,19,9,3510.0
4654,LOJA DE BRINQUEDOS,C,42.08,1.0,0.6177931704247492,0.6,0,1,300.0
8600,ROUPA,B,69.91,1.0,0.6177931704247492,0.6,0,1,300.0
1373,PERFUMARIA,C,38.56,2.25,1.1281315240083507,4.5,0,5,2750.0
2264,COMESTIVEIS,C,13.83,4.865047233468286,0.6876723581529073,44.1,3,42,14280.0
454,BEBIDAS,B,71.87,1.173913043478261,2.8230884557721136,14.4,9,6,8400.0
1878,PERFUMARIA,C,18.78,1.9155844155844155,0.3426950717591112,12.3,1,12,2040.0
3760,PERFUMARIA,B,47.96,1.872340425531915,1.3950649329580391,4.5,2,3,2100.0
5720,PERFUMARIA,C,32.48,1.8333333333333333,0.6644108280254777,4.2,1,4,1336.0
4005,COMESTIVEIS,C,37.06,0.9375,0.5253566997518611,6.9,4,3,795.0
3520,BEBIDAS,C,44.54,2.0809248554913293,1.4671973214567737,13.2,0,14,10500.0
1927,PERFUMARIA,C,37.61,2.0869565217391304,0.9758554021851535,4.5,0,5,2500.0
312,BEBIDAS,B,66.52,1.526061776061776,2.33521844310226,15.3,9,7,8400.0
5211,PERFUMARIA,B,49.42,1.0,0.6177931704247492,0.6,0,1,320.0
3522,BEBIDAS,B,47.08,1.8402718776550553,1.4413109583233745,11.1,3,9,6750.0
138,BEBIDAS,A,53.3,2.4,2.496636085626911,5.1,0,6,7800.0
2365,PERFUMARIA,C,44.32,2.0115606936416186,1.2642142312322524,5.4,1,5,3300.0
1912,PERFUMARIA,C,42.08,2.0869565217391304,0.9536167328362545,4.5,0,5,2500.0
3022,PERFUMARIA,C,28.35,1.8333333333333333,0.5315022129653736,4.2,1,4,1120.0
2373,PERFUMARIA,C,40.56,2.198473282442748,1.2444666916948233,4.5,0,5,3300.0
2760,COMESTIVEIS,C,38.8,0.9776391055642225,0.5631141580324568,50.4,25,26,7800.0
4110,BAZAR,C,31.94,2.2222222222222223,1.0122739018087854,4.2,0,5,2700.0
364,COMESTIVEIS,C,43.36,1.8811021913647212,0.46797822476264583,13.2,0,14,3500.0
5619,PERFUMARIA,C,38.73,1.3975409836065573,0.690831410982651,5.4,5,1,370.0
12107,COMESTIVEIS,C,23.86,2.2857142857142856,0.6276346604215457,5.1,0,6,2040.0
951,LOJA DE BRINQUEDOS,C,36.9,1.75,0.9444444444444445,2.4,1,2,1040.0
4940,ROUPA,A,42.63,3.0,1.9959247648902823,0.6,0,1,1100.0
3355,LOJA DE BRINQUEDOS,C,39.39,1.263157894736842,0.6350371120107963,4.5,4,1,350.0
1648,PERFUMARIA,C,35.66,2.127659574468085,1.0138888888888888,5.1,0,6,3360.0
12125,COMESTIVEIS,C,29.17,2.4705882352941178,0.9050093535647475,15.9,0,16,8000.0
12119,COMESTIVEIS,C,26.04,2.0,0.5960854092526691,4.8,0,5,1650.0
2265,COMESTIVEIS,C,13.83,4.300929839391378,0.6134104786756482,44.7,1,44,14960.0
2737,COMESTIVEIS,C,38.39,1.0217480508822323,0.5732827029503271,69.9,37,33,10494.0
374,COMESTIVEIS,C,41.89,1.5258408531583265,0.5392452135961985,10.5,0,11,3300.0
12117,COMESTIVEIS,C,26.04,2.1176470588235294,0.5922126857860581,4.8,0,5,1650.0
411,BEBIDAS,A,42.5,3.4285714285714284,2.3311913000494315,2.1,0,3,3900.0
3523,BEBIDAS,C,44.57,1.9189765458422172,1.3388851992962585,12.6,0,13,9750.0
7284,ROUPA,B,57.86,1.0,0.6177931704247492,0.6,0,1,347.0
3438,COMESTIVEIS,C,42.02,1.4925264309150565,0.3556388047317938,13.5,2,12,2400.0
2735,COMESTIVEIS,C,40.59,1.766677620768978,0.799775679035277,15.3,0,16,7200.0
2807,COMESTIVEIS,B,45.9,1.8085415456130156,1.4203301386156517,36.0,0,36,28800.0
11051,ROUPA,B,47.6,1.0,0.6177931704247492,0.6,0,1,350.0
10645,ROUPA,C,41.48,1.0,0.6177931704247492,0.6,0,1,350.0
10783,ROUPA,B,46.02,1.0,0.6177931704247492,0.6,0,1,350.0
69,ELETRONICA,C,31.51,1.9,0.7559205190592052,4.5,1,4,1720.0
5655,PERFUMARIA,B,71.56,1.5033519553072627,0.4519779556092406,12.6,3,10,2600.0
1826,PERFUMARIA,C,20.94,1.507399577167019,0.3290495393208572,5.4,5,1,190.0
1036,LOJA DE BRINQUEDOS,C,38.53,2.6666666666666665,1.589995324918186,0.6,0,1,930.0
11276,LOJA DE BRINQUEDOS,C,34.41,1.9028871391076114,0.6829994023024349,5.7,1,5,2000.0
2382,PERFUMARIA,C,36.7,2.4,1.1258188824662811,4.5,0,5,3300.0
2782,COMESTIVEIS,C,33.24,1.6914643696162883,0.5917194828706184,11.4,0,12,4200.0
1647,PERFUMARIA,C,35.66,1.9631901840490797,0.9363326516700747,5.1,0,6,3360.0
3365,LOJA DE BRINQUEDOS,B,43.93,1.0555555555555556,0.6645573110541264,10.2,10,1,400.0
3531,BEBIDAS,B,47.08,1.6571428571428573,1.2364329715459077,10.5,2,9,6750.0
4174,BEBIDAS,C,27.1,1.9245283018867925,0.6594277007847722,5.1,0,6,2400.0
141,BEBIDAS,A,32.2,5.333333333333333,2.139591736951473,4.8,0,5,6500.0
12118,COMESTIVEIS,C,25.15,2.4,0.6908450704225353,5.1,0,6,2520.0
1923,PERFUMARIA,C,32.21,2.360655737704918,0.81870988183109,4.5,0,5,2500.0
12105,COMESTIVEIS,C,30.35,2.0869565217391304,0.8165809568334113,4.8,0,5,2500.0
5626,PERFUMARIA,B,71.56,1.3342599027102153,0.42356741731307407,13.5,0,14,3640.0
8220,ROUPA,B,51.66,1.0,0.6177931704247492,0.6,0,1,380.0
9103,ROUPA,B,61.62,1.0,0.6177931704247492,0.6,0,1,380.0
360,COMESTIVEIS,C,33.6,1.3844515441959533,0.1774766798824692,12.3,0,13,1430.0
333,BEBIDAS,C,9.68,2.0892419872666923,0.5823855906840071,40.2,6,35,12950.0
5627,PERFUMARIA,B,71.56,1.460122699386503,0.40822417509534076,13.2,2,12,3120.0
4944,ROUPA,A,42.89,3.0,1.7121295279912185,0.6,0,1,1100.0
2789,COMESTIVEIS,B,44.64,1.562386980108499,0.5824537365272323,10.5,0,11,4125.0
4476,ROUPA,B,53.87,1.0,0.6177931704247492,0.6,0,1,400.0
2797,COMESTIVEIS,C,42.3,1.4755959137343926,0.42402256146649536,11.1,0,12,3300.0
4920,ROUPA,A,42.74,6.0,3.8353307392996108,0.6,0,1,2500.0
2372,PERFUMARIA,C,36.15,2.1774193548387095,1.0119695321001088,4.5,0,5,3300.0
429,BEBIDAS,A,51.31,2.4838709677419355,1.990494986615852,4.5,1,4,5200.0
4166,BEBIDAS,A,28.07,4.459016393442623,1.5005508526203253,5.1,1,5,5000.0
12103,COMESTIVEIS,C,39.39,2.6666666666666665,1.4943544428080509,4.8,0,5,5000.0
2371,PERFUMARIA,C,36.15,2.0869565217391304,0.9851918436864266,4.5,0,5,3300.0
2370,PERFUMARIA,C,40.97,1.803030303030303,0.9787522281639929,4.5,1,4,2640.0
3357,LOJA DE BRINQUEDOS,C,42.93,0.7256944444444444,0.4448673433048433,37.5,34,4,1200.0
4929,ROUPA,A,50.04,4.0,3.4000514535631603,0.6,0,1,2300.0
3526,BEBIDAS,B,44.57,1.514765100671141,1.1070011369054167,12.0,11,1,750.0
103,COMESTIVEIS,C,39.67,1.8363844393592679,0.3541289136387085,10.2,1,10,2400.0
6698,ROUPA,B,60.13,1.0,0.6177931704247492,0.6,0,1,420.0
393,COMESTIVEIS,C,40.1,1.6191904047976011,0.5866679694775829,12.3,0,13,5200.0
4953,ROUPA,A,38.61,3.0,1.599559735841505,0.6,0,1,1100.0
4947,ROUPA,A,42.54,3.0,1.5954692556634307,0.6,0,1,1100.0
431,BEBIDAS,A,35.75,3.940298507462687,2.011424518874311,19.8,0,20,28000.0
9233,ROUPA,B,62.57,1.0,0.6177931704247492,0.6,0,1,430.0
8034,ROUPA,B,62.46,1.0,0.6177931704247492,0.6,0,1,430.0
2210,BEBIDAS,B,50.38,2.0044543429844097,1.9999591344680328,10.8,0,11,15400.0
4033,COMESTIVEIS,C,27.18,2.1580381471389645,0.7982692755329783,11.7,0,12,6720.0
3519,COMESTIVEIS,C,40.67,1.4949748743718594,0.24107592981086665,9.6,1,9,1530.0
7392,ROUPA,B,48.08,1.0,0.6177931704247492,0.6,0,1,436.0
1897,PERFUMARIA,C,20.68,2.163090128755365,0.46740869519319905,4.8,0,5,1650.0
978,LOJA DE BRINQUEDOS,C,38.49,2.2857142857142856,1.3650575839255086,3.0,0,3,2910.0
5625,PERFUMARIA,B,71.56,1.4453836150845254,0.3654359821459952,12.3,4,9,2340.0
2777,COMESTIVEIS,C,38.63,1.4937163375224416,0.2782924978996215,10.8,0,11,2200.0
883,ELETRONICA,C,40.62,2.198473282442748,1.4175422185845288,4.5,0,5,5100.0
3353,LOJA DE BRINQUEDOS,C,39.59,0.9924812030075187,0.582214796249884,12.3,12,1,420.0
12115,COMESTIVEIS,C,29.45,2.0,0.6931012250161186,5.1,1,5,2500.0
4114,BAZAR,C,31.94,1.6666666666666667,0.7418957011980267,2.1,1,2,1080.0
6261,PERFUMARIA,B,44.19,1.0,0.6177931704247492,0.6,0,1,450.0
409,BEBIDAS,C,31.32,2.2664015904572565,0.9594058167550985,12.6,0,13,9100.0
12104,COMESTIVEIS,C,30.35,1.9672131147540985,0.6786532698748459,4.8,0,5,2500.0
4146,COMESTIVEIS,C,13.39,1.6363636363636365,0.2437365783822477,5.1,2,4,720.0
2732,COMESTIVEIS,C,29.28,0.684535412605588,0.25907676418662623,52.2,47,6,1152.0
419,BEBIDAS,B,48.06,2.2105263157894735,1.752517162471396,4.5,0,5,6500.0
2375,PERFUMARIA,C,33.86,2.170212765957447,0.8872422680412372,4.5,0,5,3300.0
1059,LOJA DE BRINQUEDOS,C,37.78,2.4,1.3806853582554517,2.1,0,3,3090.0
3033,PERFUMARIA,C,20.59,2.0,0.4195775792038993,2.1,1,2,640.0
434,BEBIDAS,C,23.13,1.978021978021978,0.5881984465046355,5.1,0,6,2700.0
8551,ROUPA,B,61.78,1.0,0.6177931704247492,0.6,0,1,473.0
1889,PERFUMARIA,C,31.53,2.1176470588235294,0.7038037829972977,4.5,0,5,2750.0
2184,PERFUMARIA,C,34.87,0.8312499999999999,0.34200467059980333,15.3,15,1,270.0
420,BEBIDAS,C,28.92,2.314720812182741,0.8833187467180117,4.8,0,5,3500.0
7416,ROUPA,B,71.48,1.0,0.6177931704247492,0.6,0,1,490.0
4073,COMESTIVEIS,C,36.79,1.746031746031746,0.060498468393205246,5.1,0,6,288.0
6081,PERFUMARIA,C,23.66,2.594180704441041,0.5522176582559287,38.7,34,5,2200.0
1883,PERFUMARIA,C,31.53,1.8504672897196264,0.6897174245676607,4.5,0,5,2750.0
2160,PERFUMARIA,C,25.88,1.2560386473429952,0.3258268301746563,4.8,4,1,260.0
937,LOJA DE BRINQUEDOS,C,38.25,2.074074074074074,1.2269713915228138,3.0,0,3,2940.0
6625,ROUPA,B,55.8,1.0,0.6177931704247492,0.6,0,1,496.0
4934,ROUPA,A,45.26,4.0,3.214452994312479,0.6,0,1,2600.0
207,ROUPA,B,52.57,1.0,0.6177931704247492,0.6,0,1,500.0
9959,ROUPA,B,46.8,1.0,0.6177931704247492,0.6,0,1,500.0
254,ROUPA,B,52.53,1.0,0.6177931704247492,0.6,0,1,500.0
9269,ROUPA,B,53.03,1.0,0.6177931704247492,0.6,0,1,501.0
2796,COMESTIVEIS,C,35.0,2.603125,1.2320293114143919,39.3,1,39,39000.0
5721,PERFUMARIA,C,27.34,2.1052631578947367,0.621378819416286,4.5,0,5,2545.0
3412,LOJA DE BRINQUEDOS,C,39.0,1.263157894736842,0.6099736214043462,4.5,4,1,500.0
2383,PERFUMARIA,C,33.92,2.0307692307692307,0.8021288674425207,4.5,0,5,3300.0
3478,COMESTIVEIS,C,41.07,1.4202898550724639,0.21255187384281427,12.6,0,13,2275.0
2270,BEBIDAS,C,39.2,2.2372881355932206,1.3216856280473648,4.5,0,5,5500.0
372,COMESTIVEIS,C,38.95,1.6035173929910773,0.35913408672151165,19.5,0,20,6000.0
467,BEBIDAS,A,29.83,4.081632653061225,1.551223861684377,35.1,0,36,46800.0
5732,PERFUMARIA,C,24.33,1.6842105263157894,0.39628923053903414,4.5,2,3,1002.0
3037,PERFUMARIA,C,20.63,2.0625,0.377076981707317,4.5,0,5,1600.0
7428,ROUPA,B,60.85,1.0,0.6177931704247492,0.6,0,1,525.0
8192,ROUPA,B,60.86,1.0,0.6177931704247492,0.6,0,1,525.0
8194,ROUPA,B,60.86,1.0,0.6177931704247492,0.6,0,1,525.0
8195,ROUPA,B,60.86,1.0,0.6177931704247492,0.6,0,1,525.0
851,BEBIDAS,B,48.87,1.9265734265734267,1.6299654702144328,4.8,1,4,5600.0
5731,PERFUMARIA,C,18.49,2.727272727272727,0.5228105228105228,2.1,0,3,1350.0
866,BEBIDAS,C,38.6,2.3529411764705883,1.383022561038426,4.5,0,5,6000.0
1643,PERFUMARIA,C,34.3,2.2295081967213113,0.9210845876074522,5.1,0,6,4800.0
2122,PERFUMARIA,C,20.31,2.2641509433962264,0.459060214601758,4.5,0,5,2000.0
5624,PERFUMARIA,B,71.56,1.6047381546134665,0.29683392869178404,12.3,3,10,2600.0
3534,BEBIDAS,C,42.4,1.9982768523836876,1.2397019256930377,12.3,1,12,13200.0
4113,BAZAR,C,27.06,2.25,0.7585080147965475,3.3,1,3,2025.0
10171,ROUPA,B,47.17,1.0,0.6177931704247492,0.6,0,1,550.0
9254,ROUPA,B,52.45,1.0,0.6177931704247492,0.6,0,1,550.0
3483,COMESTIVEIS,C,41.07,1.6542288557213929,0.1961859206171784,4.8,0,5,875.0
4112,BAZAR,C,27.06,2.2222222222222223,0.7534730785039048,4.2,0,5,3375.0
2262,BEBIDAS,C,41.73,1.896551724137931,1.2040015440041174,4.5,2,3,3300.0
327,BEBIDAS,C,40.89,2.098859315589354,1.3061605345560277,5.1,0,6,7200.0
12114,COMESTIVEIS,C,22.18,2.25,0.5407958199356914,5.1,0,6,3000.0
1644,PERFUMARIA,C,34.3,2.061349693251534,0.8621605137588347,5.1,0,6,4800.0
2744,COMESTIVEIS,C,36.95,1.6099916036943747,0.48491385260504727,17.4,0,18,8100.0
4839,PERFUMARIA,C,15.5,1.9592592592592593,0.27182963571624214,5.4,1,5,1300.0
12106,COMESTIVEIS,C,22.18,2.1052631578947367,0.5172900095898911,4.8,0,5,2500.0
2290,PERFUMARIA,C,39.78,2.2,1.1285702654290835,4.5,4,1,1100.0
437,BEBIDAS,C,43.94,2.0104712041884816,1.4319183396738107,4.5,0,5,7000.0
12113,COMESTIVEIS,C,22.18,2.1538461538461537,0.5107593371258966,4.8,0,5,2500.0
410,BEBIDAS,B,46.84,1.8113207547169812,1.426861263412565,4.5,0,5,7000.0
4916,ROUPA,A,40.25,4.0,2.95493726132024,0.6,0,1,2900.0
7165,ROUPA,B,59.26,1.0,0.6177931704247492,0.6,0,1,610.0
2271,BEBIDAS,C,38.67,2.3076923076923075,1.1133726370952646,4.5,0,5,5500.0
5594,ROUPA,A,41.93,4.0,2.3224988473951127,0.6,0,1,2300.0
961,LOJA DE BRINQUEDOS,C,37.73,1.4444444444444444,0.7635701275045538,4.5,3,2,1520.0
413,BEBIDAS,C,42.95,2.0307692307692307,1.2915995613347955,10.8,0,11,14300.0
4959,BEBIDAS,C,34.94,2.2105263157894735,1.1654667328699106,4.5,0,5,6000.0
5654,PERFUMARIA,B,71.56,1.3927178153446034,0.25178364320106844,13.5,1,13,3380.0
2357,PERFUMARIA,C,38.34,2.0689655172413794,1.0628455466428048,4.5,0,5,5500.0
7949,ROUPA,B,70.01,1.0,0.6177931704247492,0.6,0,1,640.0
7206,ROUPA,B,70.03,1.0,0.6177931704247492,0.6,0,1,640.0
2246,BEBIDAS,C,33.17,2.4,1.1525341914722445,4.5,0,5,6000.0
6642,ROUPA,B,54.82,1.0,0.6177931704247492,0.6,0,1,650.0
6645,ROUPA,B,54.8,1.0,0.6177931704247492,0.6,0,1,650.0
6647,ROUPA,B,54.82,1.0,0.6177931704247492,0.6,0,1,650.0
4960,BEBIDAS,C,32.57,2.4615384615384617,1.1336764501321464,9.9,8,2,2400.0
146,BEBIDAS,C,37.35,2.3076923076923075,1.2218493332155786,4.5,0,5,6500.0
168,BEBIDAS,C,30.76,2.9189189189189193,1.2127794984937843,4.8,0,5,6500.0
5588,ROUPA,A,40.81,4.0,2.5999589911831045,0.6,0,1,2800.0
10401,ROUPA,B,46.78,1.0,0.6177931704247492,0.6,0,1,666.0
10413,ROUPA,B,46.81,1.0,0.6177931704247492,0.6,0,1,666.0
379,COMESTIVEIS,B,44.44,1.4307794215058514,0.22147516304783402,12.9,0,13,3120.0
12108,COMESTIVEIS,C,22.18,2.3157894736842106,0.459807073954984,5.1,0,6,3000.0
12120,COMESTIVEIS,C,27.92,0.6976744186046512,0.2058998912624084,6.3,6,1,226.0
2273,BEBIDAS,C,38.67,1.9701492537313434,0.9958601154809892,4.5,0,5,5500.0
947,LOJA DE BRINQUEDOS,B,48.14,1.3404255319148937,1.173917036583499,3.3,3,1,1300.0
2381,PERFUMARIA,C,33.92,1.4893617021276595,0.5951951008871791,4.5,3,2,1320.0
827,COMESTIVEIS,B,46.63,1.6833461637156788,0.3322551631183212,12.3,0,13,4810.0
3506,COMESTIVEIS,C,32.19,1.9136212624584719,0.17897177274791462,4.5,0,5,1000.0
139,BEBIDAS,C,35.91,2.129032258064516,1.1613072116196586,4.5,0,5,6500.0
2400,PERFUMARIA,C,36.29,2.0740740740740744,0.9589748398187218,5.7,0,6,6600.0
470,BEBIDAS,C,32.86,2.2233333333333336,1.04285944551902,6.9,1,6,7200.0
113,COMESTIVEIS,C,29.2,1.8224489795918366,0.28935703313583505,10.2,1,10,3330.0
447,BEBIDAS,C,35.18,2.355828220858896,1.213075725666148,4.5,0,5,7000.0
149,BEBIDAS,C,37.61,1.9354838709677418,1.1197487376147426,4.5,0,5,6500.0
1670,PERFUMARIA,C,16.37,1.9636363636363638,0.24789968652037622,5.4,0,6,1740.0
150,BEBIDAS,C,35.87,2.2,1.1107174490699736,4.2,1,4,5200.0
485,BEBIDAS,C,40.93,1.822863027806385,1.1957251653736334,19.8,0,20,28000.0
4919,ROUPA,A,42.74,3.0,2.1049027237354085,0.6,0,1,2500.0
392,COMESTIVEIS,C,41.23,0.6840519390431598,0.281647574558856,341.1,254,88,29920.0
3502,COMESTIVEIS,B,53.34,0.8005381769256644,0.8190894686391712,53.4,52,2,2000.0
154,BEBIDAS,C,33.68,2.1176470588235294,1.0366492146596855,4.5,0,5,6500.0
446,BEBIDAS,C,32.31,2.127659574468085,0.9540227831668959,4.8,0,5,6000.0
10785,BEBIDAS,C,20.65,3.1304347826086953,0.8731549488699429,4.5,0,5,5500.0
2401,PERFUMARIA,C,33.38,2.1485411140583555,0.8587228084598043,5.7,0,6,6600.0
3036,PERFUMARIA,C,11.45,2.25,0.2476645004061738,3.3,3,1,320.0
169,BEBIDAS,C,30.76,2.2857142857142856,1.00112132765194,4.5,0,5,6500.0
2078,BEBIDAS,C,32.46,2.25,0.9947340425531914,5.1,0,6,7800.0
4976,BEBIDAS,C,33.94,2.341463414634146,0.8326207740841888,4.5,0,5,5500.0
5065,BEBIDAS,C,33.4,1.8660287081339713,0.8253018910913646,11.1,0,12,13200.0
152,BEBIDAS,C,34.25,2.1818181818181817,0.968417010655659,4.5,0,5,6500.0
5733,PERFUMARIA,C,18.45,2.016949152542373,0.3776962798703615,4.5,1,4,2036.0
3536,BEBIDAS,B,45.54,1.0655475619504398,0.8112663561765358,41.1,17,25,27500.0
5373,PERFUMARIA,C,13.31,2.142857142857143,0.22053956588227236,2.1,0,3,900.0
4660,LOJA DE BRINQUEDOS,C,39.59,1.0,0.6177931704247492,0.6,0,1,845.0
10581,ROUPA,B,47.01,1.0,0.6177931704247492,0.6,0,1,850.0
1886,PERFUMARIA,C,31.53,1.2203389830508475,0.39879419456589005,3.6,3,1,550.0
4957,BEBIDAS,C,37.15,1.8133482580103542,0.8651842513866229,15.9,0,16,19200.0
4921,ROUPA,A,42.2,4.0,2.5636929741437657,0.6,0,1,3600.0
2762,COMESTIVEIS,C,42.78,1.6006240249609982,0.23334076220191663,10.2,0,11,3608.0
4180,BEBIDAS,C,20.33,4.0,0.99488609948861,5.1,0,6,8400.0
140,BEBIDAS,C,33.68,1.7999999999999998,0.9204188481675393,4.5,0,5,6500.0
3507,COMESTIVEIS,B,51.27,2.142857142857143,2.097826879603296,4.2,0,5,15000.0
3537,BEBIDAS,C,23.58,2.321831667204128,0.7475946175720442,52.2,0,53,56710.0
4996,BEBIDAS,C,26.18,2.068448663502373,0.7664963678296687,66.3,0,67,73700.0
153,BEBIDAS,C,31.3,2.076923076923077,0.8988219895287957,4.5,0,5,6500.0
4958,BEBIDAS,C,32.11,1.921487603305785,0.8294677685950413,10.5,0,11,13200.0
354,COMESTIVEIS,C,43.26,1.2867400670177118,0.17270186383359842,13.8,0,14,3500.0
148,BEBIDAS,C,31.3,2.0689655172413794,0.8968225311428055,4.5,0,5,6500.0
4956,BEBIDAS,C,35.83,1.7827868852459017,0.8274850652959155,9.9,0,10,12000.0
4964,BEBIDAS,C,23.94,2.857142857142857,0.8245373048004627,13.5,10,4,4800.0
11015,ROUPA,C,32.25,1.0,0.6177931704247492,0.6,0,1,900.0
10940,ROUPA,B,46.73,1.0,0.6177931704247492,0.6,0,1,900.0
4917,ROUPA,A,42.97,3.0,1.705146845013085,0.6,0,1,2500.0
5000,COMESTIVEIS,C,21.71,1.4630960156760286,0.3403090602390184,25.5,14,12,6000.0
159,BEBIDAS,C,34.67,1.673913043478261,0.883890489270003,4.5,1,4,5200.0
5596,ROUPA,C,40.76,1.8,1.0076623642696168,3.3,1,3,4500.0
142,BEBIDAS,C,33.89,1.7142857142857142,0.8693379790940765,4.5,0,5,6500.0
337,BEBIDAS,C,30.39,2.0005037783375315,0.7958401866611525,427.5,3,425,510000.0
4998,BEBIDAS,C,32.85,1.859375,0.7887931034482759,13.2,1,13,15600.0
2813,COMESTIVEIS,B,46.93,1.3829787234042554,0.19601063829787235,11.1,0,12,3600.0
4967,BEBIDAS,C,23.94,3.0436893203883493,0.7835371545929798,7.2,3,5,6000.0
3533,BEBIDAS,C,23.24,2.252895232965257,0.7179387346456048,58.8,1,58,63800.0
872,BEBIDAS,C,36.1,1.7142857142857142,0.7823306636865958,4.5,0,5,6000.0
11286,BEBIDAS,C,6.43,1.7777777777777777,0.19522193949674863,5.7,0,6,1800.0
1060,LOJA DE BRINQUEDOS,C,37.23,2.4,1.3471264367816091,2.1,0,3,6240.0
2809,COMESTIVEIS,B,52.85,1.8422889043963713,0.2580695157511714,10.5,0,11,4400.0
850,BEBIDAS,C,21.18,3.0,0.7716945408646261,2.1,0,3,3600.0
4983,BEBIDAS,C,26.05,1.9208087615838247,0.5504655411984815,12.9,0,13,11700.0
355,COMESTIVEIS,C,43.31,1.3694192484391567,0.1645030824203872,17.4,0,18,4860.0
4968,BEBIDAS,C,23.94,2.83248730964467,0.6795685279187816,6.0,5,1,1200.0
311,BEBIDAS,C,12.97,2.4625645300926666,0.1560413485895257,117.6,0,118,33040.0
4969,BEBIDAS,C,24.18,2.106741573033708,0.667637873861112,10.5,0,11,13200.0
2162,PERFUMARIA,C,6.79,2.24812030075188,0.11116025357511426,4.5,1,4,800.0
93,COMESTIVEIS,C,34.26,1.5784008307372792,0.17034119158163338,11.7,0,12,3720.0
5066,BEBIDAS,C,6.29,2.7149321266968323,0.3541127989657401,55.5,0,56,36400.0
147,BEBIDAS,C,28.93,1.8823529411764706,0.7020447322659951,4.5,0,5,6500.0
2820,BEBIDAS,C,24.45,1.8644067796610169,0.5893777002326354,4.2,1,4,4400.0
2779,COMESTIVEIS,C,17.11,1.779049799656554,0.14434415041169477,12.3,0,13,3510.0
403,BEBIDAS,C,30.64,1.7034700315457414,0.6858682954361494,4.8,3,2,2600.0
2830,BEBIDAS,C,30.67,1.4210526315789473,0.5755879059350504,3.3,3,1,1100.0
144,BEBIDAS,C,27.09,2.1818181818181817,0.6775422761515093,4.5,0,5,6500.0
2827,BEBIDAS,C,30.67,1.3404255319148937,0.5725064131582919,3.3,3,1,1100.0
4974,BEBIDAS,C,24.18,2.0066889632107023,0.6186811817807208,11.1,0,12,14400.0
2272,BEBIDAS,C,38.67,1.153846153846154,0.5664732672031942,3.6,3,1,1100.0
3093,PERFUMARIA,C,9.48,2.1011673151750974,0.15447813413541572,9.0,0,9,2700.0
155,BEBIDAS,C,31.3,1.7999999999999998,0.6590575916230366,4.5,0,5,6500.0
2259,BEBIDAS,C,40.36,0.9450171821305843,0.5534443691942375,64.2,45,20,22000.0
5599,ROUPA,A,55.37,2.4,1.351124108938037,0.6,0,1,2700.0
11125,ROUPA,B,46.32,1.0,0.6177931704247492,0.6,0,1,1250.0
5602,ROUPA,C,41.18,1.25,0.7408988553199475,2.1,2,1,1500.0
1823,PERFUMARIA,C,6.9,1.900990099009901,0.0977825055232796,4.5,0,5,1000.0
2258,BEBIDAS,C,40.36,0.8920616790405482,0.5273316186371083,54.3,48,7,7700.0
158,BEBIDAS,C,34.67,1.0,0.6177931704247492,5.1,0,6,7800.0
4984,BEBIDAS,C,24.37,1.8209876543209877,0.4232146147569033,13.2,1,13,11700.0
854,BEBIDAS,C,26.44,2.0242914979757085,0.5593597655479471,13.5,0,14,16800.0
4686,BEBIDAS,C,37.19,0.9232424677187948,0.5079945594819536,66.6,42,25,27500.0
440,BEBIDAS,C,37.05,2.037823234272482,1.1526030321458813,11.7,0,12,30000.0
5001,BEBIDAS,C,32.85,1.3327289211242068,0.5524119173414199,11.1,11,1,1200.0
4461,ROUPA,B,53.15,1.0,0.6177931704247492,0.6,0,1,1400.0
4463,ROUPA,B,53.91,1.0,0.6177931704247492,0.6,0,1,1400.0
858,BEBIDAS,C,26.26,1.8548387096774193,0.6152420873579977,4.5,1,4,5600.0
4657,LOJA DE BRINQUEDOS,A,39.8,4.0,2.414983713355049,0.6,0,1,5500.0
2832,BEBIDAS,C,24.45,1.925,0.4782475490196078,4.2,1,4,4400.0
4184,BEBIDAS,C,17.0,2.1,0.37551020408163266,4.5,0,5,4350.0
4181,BEBIDAS,C,17.29,1.855072463768116,0.3428539141735175,4.5,0,5,4000.0
852,BEBIDAS,C,31.58,1.6,0.5117003782272652,4.5,3,2,2400.0
12109,COMESTIVEIS,C,12.88,2.2325581395348837,0.24164661855118957,5.4,0,6,3480.0
2829,BEBIDAS,C,24.45,1.75,0.4513424688057041,4.2,1,4,4400.0
4972,BEBIDAS,C,35.12,1.0333239988798657,0.47805535659253984,65.4,38,28,33600.0
156,BEBIDAS,C,17.61,2.5,0.515109198872786,4.8,0,5,6500.0
482,BEBIDAS,C,30.74,1.8614020950846093,0.5133349001701137,12.9,0,13,16900.0
3596,PERFUMARIA,C,23.76,0.7712590639419907,0.18714219145253627,37.8,33,5,2400.0
12112,COMESTIVEIS,C,13.85,1.8181818181818183,0.2549674696676631,6.0,0,6,4020.0
3437,COMESTIVEIS,C,42.02,1.381578947368421,0.07554446460980037,12.9,0,13,2600.0
145,BEBIDAS,C,26.72,1.76,0.48315018315018315,4.2,1,4,5200.0
323,BEBIDAS,C,30.51,1.1600392734413352,0.4419489445262641,67.8,41,27,32400.0
143,BEBIDAS,C,20.89,2.1818181818181817,0.4706491656821014,4.5,0,5,6500.0
3466,COMESTIVEIS,C,39.67,1.3231878253904685,0.10797439036071158,10.8,2,9,2700.0
4828,PERFUMARIA,C,6.75,1.5774647887323943,0.04568968772420043,4.5,3,2,262.0
2076,BEBIDAS,C,22.5,1.6097560975609757,0.40176306091079134,4.8,3,2,2400.0
10786,BEBIDAS,C,21.84,2.12807881773399,0.44411870719692415,4.5,0,5,7000.0
4564,LOJA DE BRINQUEDOS,C,-0.48,4.0,0.04927536231884058,0.6,0,1,160.0
12110,COMESTIVEIS,C,12.88,1.8113207547169812,0.17610062893081763,5.4,0,6,3480.0
86,COMESTIVEIS,B,46.93,1.3518575376112987,0.09084988545381545,12.0,1,11,3300.0
3999,BEBIDAS,C,25.07,1.1099020674646354,0.3106526375957393,37.8,18,20,22000.0
848,BEBIDAS,C,16.81,2.2513863216266174,0.39453103704366593,18.9,0,19,26600.0
2075,BEBIDAS,C,35.16,0.7295629820051415,0.35162058560775955,54.9,54,1,1300.0
4441,ROUPA,B,53.86,1.0,0.6177931704247492,0.6,0,1,2300.0
4443,ROUPA,B,53.86,1.0,0.6177931704247492,0.6,0,1,2300.0
4436,ROUPA,B,53.86,1.0,0.6177931704247492,0.6,0,1,2300.0
12111,COMESTIVEIS,C,12.88,1.3125,0.14415708812260536,6.9,3,4,2320.0
4918,ROUPA,C,42.74,1.0,0.6177931704247492,0.6,0,1,2500.0
2734,COMESTIVEIS,C,25.27,1.7046004842615012,0.1837823323256126,12.6,0,13,9724.0
5587,ROUPA,C,38.85,2.6666666666666665,1.6471166693388917,4.2,0,5,33600.0
894,ELETRONICA,C,23.66,3.0,0.8466337405770731,0.6,0,1,3480.0
377,COMESTIVEIS,C,43.8,1.9228680065181967,0.09352488340294816,11.1,2,10,4080.0
993,LOJA DE BRINQUEDOS,A,49.26,4.0,3.168883080943962,0.6,0,1,14300.0
4182,BEBIDAS,C,15.58,2.204081632653061,0.37466003183109375,4.5,0,5,8500.0
5586,ROUPA,C,38.85,2.3622047244094486,1.4453496343260122,4.5,0,5,33600.0
10784,BEBIDAS,C,13.73,2.04,0.30099264705882345,4.5,0,5,7000.0
4936,ROUPA,C,42.93,1.0,0.6177931704247492,0.6,0,1,2900.0
4183,BEBIDAS,C,15.43,2.2758620689655173,0.3619330728724308,4.5,0,5,9000.0
3434,COMESTIVEIS,C,42.02,1.286549707602339,0.03878750196052072,12.9,0,13,2600.0
5585,ROUPA,C,38.85,2.058823529411765,1.2772166105499443,4.5,0,5,33600.0
4157,COMESTIVEIS,C,7.0,1.775516795865633,0.13300200050012503,42.9,0,43,30100.0
2074,BEBIDAS,C,7.27,2.0849420849420848,0.12772618178023581,39.0,0,39,27300.0
5584,ROUPA,C,38.85,2.0125786163522013,1.2190992484493532,4.5,0,5,33600.0
4975,BEBIDAS,C,8.03,2.152173913043478,0.24728981663014643,5.4,0,6,8400.0
4460,ROUPA,B,48.81,1.0,0.6177931704247492,0.6,0,1,3500.0
2245,BEBIDAS,C,16.15,2.1923076923076925,0.43366834848771013,4.8,0,5,12500.0
4923,ROUPA,C,42.65,1.0,0.6177931704247492,0.6,0,1,3600.0
4924,ROUPA,C,42.65,1.0,0.6177931704247492,0.6,0,1,3600.0
4925,ROUPA,C,42.57,1.0,0.6177931704247492,0.6,0,1,3800.0
92,COMESTIVEIS,C,34.21,1.6474694589877836,0.05058485858105086,11.4,2,10,3300.0
995,LOJA DE BRINQUEDOS,A,44.91,4.0,2.8985148514851486,0.6,0,1,19500.0
368,COMESTIVEIS,C,43.36,1.2340145023071851,0.03931989180096833,13.8,0,14,3864.0
4837,PERFUMARIA,C,4.63,2.6666666666666665,0.06221092398404124,4.5,0,5,2405.0
9935,LOJA DE BRINQUEDOS,C,39.73,1.0,0.6177931704247492,0.6,0,1,5000.0
841,BEBIDAS,C,19.03,1.0030864197530864,0.17191124163162425,32.4,21,12,16800.0
415,BEBIDAS,C,14.83,2.2748815165876777,0.14276233078262357,15.6,0,16,20800.0
4170,BEBIDAS,C,8.38,1.8620689655172413,0.07310217790022787,4.5,0,5,5000.0
3472,COMESTIVEIS,C,40.79,1.7254901960784312,0.028368153812190162,4.5,0,5,2000.0
3501,COMESTIVEIS,C,30.95,1.9171597633136095,0.01757996741274333,4.5,0,5,1250.0
11281,LOJA DE BRINQUEDOS,C,18.89,2.185430463576159,0.2454307817114619,4.8,0,5,18000.0
3433,COMESTIVEIS,C,42.23,1.3550884955752214,0.005949986591579524,12.9,0,13,2340.0
1820,BEBIDAS,C,1.54,2.057142857142857,0.03569543912551828,4.8,0,5,7000.0
376,COMESTIVEIS,C,40.1,1.6478190630048464,0.009648635043052824,9.6,0,10,4000.0
4169,BEBIDAS,C,13.78,3.3333333333333335,0.01800609029524693,2.1,1,2,2200.0
5037,COMESTIVEIS,C,10.73,1.013986013986014,0.0054587362865676755,45.0,25,20,10000.0
1773,PERFUMARIA,C,0.0,0.0,0.0,5.4,1,5,2250.0
2149,PERFUMARIA,C,0.0,0.0,0.0,5.4,1,5,2250.0
1772,PERFUMARIA,C,0.0,0.0,0.0,5.4,1,5,2250.0
2146,PERFUMARIA,C,0.0,0.0,0.0,5.4,1,5,2650.0
1782,PERFUMARIA,C,0.0,0.0,0.0,5.4,1,5,1600.0
1770,PERFUMARIA,C,0.0,0.0,0.0,5.4,1,5,2250.0
1771,PERFUMARIA,C,0.0,0.0,0.0,5.4,1,5,2500.0
160,ROUPA,C,0.0,0.0,0.0,5.4,2,4,20000.0
5054,BEBIDAS,C,-0.89,1.9369482976040353,-0.0069977865233177014,18.9,0,19,20900.0
363,COMESTIVEIS,C,43.26,1.4925570625206748,-0.002340479264705358,13.2,0,14,4200.0
2795,COMESTIVEIS,B,48.89,1.6134453781512605,-0.006508037997807802,4.5,0,5,1500.0
5038,COMESTIVEIS,C,10.73,0.9823278488726386,-0.029233435124379124,52.8,28,25,12500.0
3440,COMESTIVEIS,C,42.02,1.5463917525773194,-0.012701445668918121,12.0,0,12,2400.0
2080,BEBIDAS,C,7.46,2.3169014084507045,-0.05262657023220404,42.3,1,42,23100.0
828,COMESTIVEIS,B,49.04,1.3879808901181796,-0.02030867252158332,12.3,0,13,2600.0
4982,BEBIDAS,C,26.05,1.3890134529147982,-0.09374235629841011,11.4,1,11,9900.0
104,COMESTIVEIS,C,30.13,2.061855670103093,-0.02269830265894404,6.9,0,7,1519.0
382,COMESTIVEIS,C,41.86,1.482084690553746,-0.04847122692725299,9.9,0,10,4000.0
336,BEBIDAS,C,11.51,1.3292716698975353,-0.04532272981403782,186.0,0,186,68820.0
356,COMESTIVEIS,C,43.31,1.2756678175540614,-0.034977988545837155,12.6,0,13,3510.0
2793,COMESTIVEIS,C,22.71,1.4493170381020848,-0.0379670616399114,10.8,0,11,2970.0
3435,COMESTIVEIS,C,42.02,1.5065096094234347,-0.02940146867050046,12.0,0,12,2400.0
3481,COMESTIVEIS,C,37.36,1.0743759551706573,-0.05827181830315968,135.9,108,28,8400.0
2750,COMESTIVEIS,C,26.86,1.6672314469671299,-0.070995653121842,12.6,0,13,4329.0
6150,PERFUMARIA,C,-6.19,1.3111111111111111,-0.05437908496732027,34.5,13,22,5324.0
830,COMESTIVEIS,B,45.64,1.3578092927785033,-0.05610987593060414,20.1,1,20,4000.0
380,COMESTIVEIS,B,44.44,1.380952380952381,-0.0678069754271926,10.5,2,9,2160.0
4158,COMESTIVEIS,C,36.0,1.4866095828019676,-0.07923370880949364,12.0,2,10,2500.0
387,COMESTIVEIS,C,41.23,1.6794582392776523,-0.11644435323893562,28.8,1,28,9520.0
2810,COMESTIVEIS,B,48.63,1.6270060874377419,-0.06120825977624623,10.5,0,11,1760.0
389,COMESTIVEIS,C,41.21,1.6853932584269662,-0.15457675705954066,10.2,0,11,3960.0
381,COMESTIVEIS,B,44.44,1.45531914893617,-0.11014250405216101,9.9,0,10,2400.0
834,COMESTIVEIS,C,42.7,1.335117975931015,-0.04688707436507609,39.0,2,37,3330.0
12256,COMESTIVEIS,B,46.99,1.3069306930693068,-0.08465321417986543,13.5,0,14,2254.0
3441,COMESTIVEIS,C,42.02,1.3387165320866978,-0.10620154754751822,12.3,0,13,2600.0
2739,COMESTIVEIS,C,38.39,1.3282442748091603,-0.17339149400218104,11.7,0,12,3816.0
2751,COMESTIVEIS,C,43.75,1.4687816402294973,-0.4146306679770709,11.1,2,10,7500.0
3445,COMESTIVEIS,C,42.02,1.2882402469828795,-0.1193516699410609,12.3,10,3,600.0
2743,COMESTIVEIS,C,36.52,1.5548780487804879,-0.40335277992549384,13.2,0,14,9142.0
369,COMESTIVEIS,C,43.26,1.360306941053366,-0.1932806012804212,12.6,0,13,3900.0
3453,COMESTIVEIS,C,39.36,1.7256385998107853,-0.09761013532968614,11.1,0,12,1800.0
384,COMESTIVEIS,C,41.21,1.374320652173913,-0.23947154752291497,14.1,3,12,4320.0
91,COMESTIVEIS,C,34.21,1.3834139085161772,-0.23100725637660624,10.5,0,11,3630.0
2815,COMESTIVEIS,B,46.39,1.819905213270142,-0.21490789454613968,9.3,0,10,3000.0
2814,COMESTIVEIS,B,46.39,2.0952380952380953,-0.21972234357555456,9.6,0,10,3000.0
3436,COMESTIVEIS,C,42.02,1.2372600142213794,-0.1473394169234416,12.0,0,12,2400.0
3503,COMESTIVEIS,C,30.95,1.7766233766233765,-0.19263441872137524,4.8,0,5,1250.0
99,COMESTIVEIS,C,28.71,1.9424460431654675,-0.3972353007646238,4.2,0,5,2500.0
3703,PERFUMARIA,C,14.99,2.0,-0.2571029191860087,4.5,0,5,1600.0
3500,COMESTIVEIS,C,34.8,1.4318181818181819,-0.1641716227697536,11.4,1,11,2200.0
386,COMESTIVEIS,C,41.21,1.5970425138632163,-0.3037841295309544,13.8,0,14,5040.0
102,COMESTIVEIS,C,29.2,1.6416492494774844,-0.3196859039411736,13.5,0,14,4662.0
3457,COMESTIVEIS,C,39.36,1.637037037037037,-0.14515031540203166,11.1,5,7,1050.0
95,COMESTIVEIS,C,43.05,1.4785202863961813,-0.21294603876826357,11.1,0,12,2400.0
4977,COMESTIVEIS,C,37.2,2.2,-0.3055555555555555,4.8,0,5,1425.0
388,COMESTIVEIS,C,41.23,1.3687230989956958,-0.38225827488566416,10.2,1,10,3400.0
826,COMESTIVEIS,B,52.78,1.5783365570599615,-0.42267783349813076,10.5,0,11,4070.0
371,COMESTIVEIS,C,34.27,1.5526802218114601,-0.3771105968903987,11.1,0,12,3528.0
4131,COMESTIVEIS,C,25.62,1.481860465116279,-0.3446511627906977,10.8,1,10,2550.0
825,COMESTIVEIS,B,45.64,1.3286093888396813,-0.28865975286673795,26.7,0,27,5400.0
2817,COMESTIVEIS,B,45.4,1.3401015228426396,-0.40901434429353206,11.7,0,12,3000.0
2812,COMESTIVEIS,B,51.93,1.3743218806509947,-0.40715653782141886,10.8,0,11,2640.0
98,COMESTIVEIS,C,39.5,1.4413304588851248,-0.4525716045580537,11.1,0,12,3024.0
835,COMESTIVEIS,B,47.52,1.5393700787401576,-0.7400125331555779,11.7,0,12,4680.0
879,ELETRONICA,C,27.73,1.7647058823529411,-0.9660647628854606,4.8,0,5,2500.0
100,COMESTIVEIS,C,29.2,2.6853146853146854,-0.6435714822811598,27.9,0,28,9324.0
3469,COMESTIVEIS,C,37.37,1.424715909090909,-0.5158441243833686,9.9,1,9,2250.0
12129,COMESTIVEIS,C,41.64,2.0689655172413794,-0.3636053260498464,5.1,0,6,1020.0
3468,COMESTIVEIS,C,37.37,1.48471615720524,-0.5544283086783339,9.9,0,10,2500.0
3450,COMESTIVEIS,C,39.53,1.2807881773399015,-0.2785987958401752,12.3,0,13,1560.0
2278,COMESTIVEIS,C,23.81,1.569506726457399,-0.6077542469968249,54.6,0,55,11550.0
2741,COMESTIVEIS,C,41.16,1.8148820326678765,-0.6528878765209282,10.2,0,11,2475.0
3449,COMESTIVEIS,C,39.53,1.6909765142150803,-0.3857607660940852,10.8,0,11,1320.0
3459,COMESTIVEIS,C,39.36,1.9896373056994818,-0.4945637353126,11.1,0,12,1800.0
3455,COMESTIVEIS,C,39.53,1.237955130562707,-0.4021331371827878,12.0,0,12,1440.0
832,COMESTIVEIS,B,66.78,1.146889375195391,-0.6727492926517219,23.7,16,8,1600.0
378,COMESTIVEIS,B,44.44,1.4696907216494846,-0.8168888794123605,10.5,0,11,2640.0
831,COMESTIVEIS,B,53.46,1.6095603317577811,-0.8243759697396861,26.1,24,3,720.0
3505,COMESTIVEIS,C,32.2,1.8529411764705883,-0.5512845402187277,4.2,0,5,725.0
3508,COMESTIVEIS,C,32.91,1.6981132075471699,-0.414234337537788,5.1,0,6,600.0
3512,COMESTIVEIS,C,32.91,1.5319148936170213,-0.4223580580698248,9.6,0,10,1000.0
12509,PERFUMARIA,C,43.61,1.6382978723404256,-0.4617306868484935,4.5,1,4,360.0
3451,COMESTIVEIS,C,39.36,1.5197889182058049,-0.8228205019834199,14.1,0,15,2250.0
3448,COMESTIVEIS,C,39.36,2.1818181818181817,-0.8448616600790513,14.1,0,15,2250.0
829,COMESTIVEIS,B,54.92,1.5355450236966826,-1.29215634757829,10.5,0,11,2200.0
12037,BAZAR,C,32.65,1.509433962264151,-0.3205158824934321,4.5,4,1,44.0
5799,ACESSORIOS,C,-9.81,4.0,-0.746197435132717,0.6,0,1,82.0
5812,ACESSORIOS,C,-8.77,4.0,-0.7162501254642176,0.6,0,1,75.0
5890,ACESSORIOS,C,-1.93,4.0,-1.0068699529950584,0.6,0,1,68.0
5874,ACESSORIOS,C,-4.56,4.0,-1.0371916508538899,0.6,0,1,68.0
5783,ACESSORIOS,C,-4.49,4.0,-0.9988606152677555,0.6,0,1,55.0
